Gender1F,Gender1M,Place,Year,NumberOfAuthors,Conference,Gender2F,Gender2M,Gender3F,Gender3F,Gender4F,Gender4M,Gender5F,Gender5M,Gender6F,Gender6M,Gender7F,Gender7M,Gender8F,Gender8M,Gender9F,Gender9M,Gender10F,Gender10M,Gender11F,Gender11M,Gender12F,Gender12M,Gender13F,Gender13M,Gender14F,Gender14M,Gender15F,Gender15M,Gender16F,Gender16M,Gender17F,Gender17M,Gender1None,Gender2None,Gender3None,Gender4None,Gender5None,Gender6None,Gender7None,Gender8None,Gender9None,Gender10None,Gender11None,Gender12None,Gender13None,Gender14None,Gender15None,Gender16None,Gender17None,AllAuthors,Title
0,1,Spain,2019,2,SMC,0,1,0,0,0,0,0,0,0,0,0,0,0,0,0,0,0,0,0,0,0,0,0,0,0,0,0,0,0,0,0,0,0,0,0,0,0,0,0,0,0,0,0,0,0,0,0,0,0,['Lonce Wyse ', ' Muhammad Huzaifah'], Conditioning a Recurrent Neural Network to synthesize musical instrument transients
0,1,Spain,2019,2,SMC,0,1,0,0,0,0,0,0,0,0,0,0,0,0,0,0,0,0,0,0,0,0,0,0,0,0,0,0,0,0,0,0,0,0,0,0,0,0,0,0,0,0,0,0,0,0,0,0,0,['Max Neupert ', ' Clemens Wegener '], Exciting Digital Resonators with Analogue Sound 
0,1,Spain,2019,2,SMC,0,1,0,0,0,0,0,0,0,0,0,0,0,0,0,0,0,0,0,0,0,0,0,0,0,0,0,0,0,0,0,0,0,0,0,0,0,0,0,0,0,0,0,0,0,0,0,0,0,['Darrell Gibson ', ' Richard Polfreman '],A Framework for the Evaluation of Interpolated Synthesizer Parameter Mapping 
0,1,Spain,2019,3,SMC,1,0,0,1,0,0,0,0,0,0,0,0,0,0,0,0,0,0,0,0,0,0,0,0,0,0,0,0,0,0,0,0,0,0,0,0,0,0,0,0,0,0,0,0,0,0,0,0,0,['Christian Baumann', ' Johanna Friederike Baarlink ', ' Jan-Torsten Milde'],Adaptive Body Movement Sonification in Music and Therapy
0,1,Spain,2019,3,SMC,0,1,0,1,0,0,0,0,0,0,0,0,0,0,0,0,0,0,0,0,0,0,0,0,0,0,0,0,0,0,0,0,0,0,0,0,0,0,0,0,0,0,0,0,0,0,0,0,0,['Leonardo Fierro', ' Jussi Rämö ', ' Vesa Välimäki '],Adaptive Loudness Compensation in Music Listening 
1,0,Spain,2019,4,SMC,0,1,0,1,0,1,0,0,0,0,0,0,0,0,0,0,0,0,0,0,0,0,0,0,0,0,0,0,0,0,0,0,0,0,0,0,0,0,0,0,0,0,0,0,0,0,0,0,0,['Fanny Roche', ' Thomas Hueber', ' Samuel Limier ', ' Laurent Girin '],Autoencoders for music sound modeling: a comparison of linear, shallow, deep, recurrent and variational models
0,1,Spain,2019,6,SMC,0,1,0,1,0,1,1,0,0,1,0,0,0,0,0,0,0,0,0,0,0,0,0,0,0,0,0,0,0,0,0,0,0,0,0,0,0,0,0,0,0,0,0,0,0,0,0,0,0,['Eduardo Magalhães', ' Emil Rosenlund Høeg', ' Gilberto Bernardes', ' Jon Ram Bruun-Pedersen', ' Stefania Serafin ', ' Rolf Nordhal '],Combining Texture-Derived Vibrotactile Feedback, Concatenative Synthesis and Photogrammetry for Virtual Reality Rendering
0,1,Spain,2019,4,SMC,0,1,0,1,0,1,0,0,0,0,0,0,0,0,0,0,0,0,0,0,0,0,0,0,0,0,0,0,0,0,0,0,0,0,0,0,0,0,0,0,0,0,0,0,0,0,0,0,0,['Romain Michon', ' Yann Orlarey', ' Stéphane Letz ', ' Dominique Fober '],Comparison and Implementation of Data Transmission Techniques through Analog Audio Signals in the Context of Augmented Mobile Instruments
0,1,Spain,2019,1,SMC,0,0,0,0,0,0,0,0,0,0,0,0,0,0,0,0,0,0,0,0,0,0,0,0,0,0,0,0,0,0,0,0,0,0,0,0,0,0,0,0,0,0,0,0,0,0,0,0,0,['Simon Blackmore'],Copying Clave – A Turing Test
0,1,Spain,2019,1,SMC,0,0,0,0,0,0,0,0,0,0,0,0,0,0,0,0,0,0,0,0,0,0,0,0,0,0,0,0,0,0,0,0,0,0,0,0,0,0,0,0,0,0,0,0,0,0,0,0,0,['Masatoshi Hamanaka '],D1.2.  Melody Slot Machine
0,1,Spain,2019,2,SMC,0,1,0,0,0,0,0,0,0,0,0,0,0,0,0,0,0,0,0,0,0,0,0,0,0,0,0,0,0,0,0,0,0,0,0,0,0,0,0,0,0,0,0,0,0,0,0,0,0,['Anders Vinjar ', ' Jean Bresson '],D1.3.  OM-AI: A Toolkit to Support AI-Based Computer-Assisted Composition Workflows in OpenMusic
0,1,Spain,2019,1,SMC,0,0,0,0,0,0,0,0,0,0,0,0,0,0,0,0,0,0,0,0,0,0,0,0,0,0,0,0,0,0,0,0,0,0,0,0,0,0,0,0,0,0,0,0,0,0,0,0,0,['Enrico Dorigatti '],D1.4.  URALi: a proposal of approach to real-time audio synthesis in Unity
0,1,Spain,2019,2,SMC,0,1,0,0,0,0,0,0,0,0,0,0,0,0,0,0,0,0,0,0,0,0,0,0,0,0,0,0,0,0,0,0,0,0,0,0,0,0,0,0,0,0,0,0,0,0,0,0,0,['Silvan David Peter ', ' Gerhard Widmer '],D1.5.  A Sequencer with Decoupled Track Timing
0,1,Spain,2019,2,SMC,0,1,0,0,0,0,0,0,0,0,0,0,0,0,0,0,0,0,0,0,0,0,0,0,0,0,0,0,0,0,0,0,0,0,0,0,0,0,0,0,0,0,0,0,0,0,0,0,0,['Víctor Jaime Marín ', ' Alberto Peinado '],D1.6.  Musicypher: Music for Message Encryption
0,0,Spain,2019,1,SMC,0,0,0,0,0,0,0,0,0,0,0,0,0,0,0,0,0,0,0,0,0,0,0,0,0,0,0,0,0,0,0,0,1,0,0,0,0,0,0,0,0,0,0,0,0,0,0,0,0,['Fu-Hai Frank Wu '],D1.7.  A Platform for Processing Sheet Music and Developing Multimedia Application
0,1,Spain,2019,6,SMC,0,1,1,0,1,0,1,0,1,0,0,0,0,0,0,0,0,0,0,0,0,0,0,0,0,0,0,0,0,0,0,0,0,0,0,0,0,0,0,0,0,0,0,0,0,0,0,0,0,['Alejandro Villena-Rodríguez', ' Lorenzo J. Tardón', ' Isabel Barbancho', ' Ana M. Barbancho', ' Irene Gómez-Plazas ', ' María-José Varela-Salinas '],D1.8.  Capturing the Reaction Time to Distinguish between Voice and Music
0,1,Spain,2019,4,SMC,0,1,0,1,1,0,0,0,0,0,0,0,0,0,0,0,0,0,0,0,0,0,0,0,0,0,0,0,0,0,0,0,0,0,0,0,0,0,0,0,0,0,0,0,0,0,0,0,0,['Silvin Willemsen ', ' Stefan Bilbao', ' Nikolaj Andersson ', ' Stefania Serafin '],D1.9.  Physical Models and Real-Time Control with the Sensel Morph
1,0,Spain,2019,3,SMC,1,0,0,1,0,0,0,0,0,0,0,0,0,0,0,0,0,0,0,0,0,0,0,0,0,0,0,0,0,0,0,0,0,0,0,0,0,0,0,0,0,0,0,0,0,0,0,0,0,['Akane Yasuhara', ' Junko Fujii ', ' Tetsuro Kitahara '],D2.2.  Extending Jamsketch: An Improvisation Support System
0,1,Spain,2019,3,SMC,0,1,1,0,0,0,0,0,0,0,0,0,0,0,0,0,0,0,0,0,0,0,0,0,0,0,0,0,0,0,0,0,0,0,0,0,0,0,0,0,0,0,0,0,0,0,0,0,0,['Swaroop Panda', ' Vinay P. Namboodiri ', ' Shatarupa Thakurta Roy '],D2.3.  Visualizing Music Genres using a Topic Model
0,1,Spain,2019,3,SMC,0,1,1,0,0,0,0,0,0,0,0,0,0,0,0,0,0,0,0,0,0,0,0,0,0,0,0,0,0,0,0,0,0,0,0,0,0,0,0,0,0,0,0,0,0,0,0,0,0,['Daniel Hernán Molina Villota', ' Antonio Jurado-Navas ', ' Isabel Barbancho '],D2.4.  CompoVOX: Real-Time Sonification of Voice
0,1,Spain,2019,5,SMC,0,1,1,0,1,0,0,1,0,0,0,0,0,0,0,0,0,0,0,0,0,0,0,0,0,0,0,0,0,0,0,0,0,0,0,0,0,0,0,0,0,0,0,0,0,0,0,0,0,['Oscar Cobos', ' Jorge Munilla', ' Ana M. Barbancho', ' Isabel Barbancho ', ' Lorenzo J. Tardón '],D2.5.  Facial Activity Detection to Monitor Attention and Fatigue
0,1,Spain,2019,6,SMC,0,1,0,1,0,1,0,1,1,0,0,0,0,0,0,0,0,0,0,0,0,0,0,0,0,0,0,0,0,0,0,0,0,0,0,0,0,0,0,0,0,0,0,0,0,0,0,0,0,['Eamon McCoy', ' John Greene', ' Jared Henson', ' James Pinder', ' Jonathan Brown', ' Claire Arthur'],D2.6.  The Chordinator: An Interactive Music Learning Device
0,1,Spain,2019,2,SMC,1,0,0,0,0,0,0,0,0,0,0,0,0,0,0,0,0,0,0,0,0,0,0,0,0,0,0,0,0,0,0,0,0,0,0,0,0,0,0,0,0,0,0,0,0,0,0,0,0,['Sascha Grollmisch ', ' Estefania Cano '],D2.7.  Automatic Chord Recognition in Music Education Applications
1,0,Spain,2019,3,SMC,0,1,1,0,0,0,0,0,0,0,0,0,0,0,0,0,0,0,0,0,0,0,0,0,0,0,0,0,0,0,0,0,0,0,0,0,0,0,0,0,0,0,0,0,0,0,0,0,0,['Signe Lund Mathiesen', ' Derek Victor Byrne ', ' Qian Janice Wang '],D2.8.  Sonic Sweetener Mug
0,1,Spain,2019,3,SMC,0,1,0,1,0,0,0,0,0,0,0,0,0,0,0,0,0,0,0,0,0,0,0,0,0,0,0,0,0,0,0,0,0,0,0,0,0,0,0,0,0,0,0,0,0,0,0,0,0,['Brett Dalton', ' David Johnson ', ' George Tzanetakis'],DAW-Integrated Beat Tracking for Music Production
0,0,Spain,2019,4,SMC,1,0,1,0,0,1,0,0,0,0,0,0,0,0,0,0,0,0,0,0,0,0,0,0,0,0,0,0,0,0,0,0,1,0,0,0,0,0,0,0,0,0,0,0,0,0,0,0,0,['África Chamorro', ' Ana M. Barbancho', ' Isabel Barbancho ', ' Lorenzo J. Tardón'],Drawing Geometric Figures with Braille Description through a Speech Recognition System
0,1,Spain,2019,2,SMC,0,1,0,0,0,0,0,0,0,0,0,0,0,0,0,0,0,0,0,0,0,0,0,0,0,0,0,0,0,0,0,0,0,0,0,0,0,0,0,0,0,0,0,0,0,0,0,0,0,['Johan Pauwels ', ' Mark B. Sandler'],Finding New Practice Material through Chord-Based Exploration of a Large Music Catalogue
0,1,Spain,2019,1,SMC,0,0,0,0,0,0,0,0,0,0,0,0,0,0,0,0,0,0,0,0,0,0,0,0,0,0,0,0,0,0,0,0,0,0,0,0,0,0,0,0,0,0,0,0,0,0,0,0,0,['Arne Eigenfeldt '],Interacting with Musebots (that don’t really listen) 
0,1,Spain,2019,4,SMC,1,0,1,0,0,1,0,0,0,0,0,0,0,0,0,0,0,0,0,0,0,0,0,0,0,0,0,0,0,0,0,0,0,0,0,0,0,0,0,0,0,0,0,0,0,0,0,0,0,['Daniel Moreno', ' Isabel Barbancho', ' Ana M. Barbancho ', ' Lorenzo J. Tardón'],Interactive Music Training System
0,1,Spain,2019,1,SMC,0,0,0,0,0,0,0,0,0,0,0,0,0,0,0,0,0,0,0,0,0,0,0,0,0,0,0,0,0,0,0,0,0,0,0,0,0,0,0,0,0,0,0,0,0,0,0,0,0,['Mads Hobye'],Internal Complexity for Exploratory Interaction
0,1,Spain,2019,3,SMC,0,1,0,1,0,0,0,0,0,0,0,0,0,0,0,0,0,0,0,0,0,0,0,0,0,0,0,0,0,0,0,0,0,0,0,0,0,0,0,0,0,0,0,0,0,0,0,0,0,['Florian Colombo', ' Johanni Brea ', ' Wulfram Gerstner '],Learning to Generate Music with BachProp 
0,1,Spain,2019,4,SMC,0,1,0,1,1,0,0,0,0,0,0,0,0,0,0,0,0,0,0,0,0,0,0,0,0,0,0,0,0,0,0,0,0,0,0,0,0,0,0,0,0,0,0,0,0,0,0,0,0,['Federico Avanzini', ' Adriano Baratè', ' Luca Andrea Ludovico ', ' Marcella Mandanici '],Metrics for the Automatic Assessment of Music Harmony Awareness in Children
0,1,Spain,2019,1,SMC,0,0,0,0,0,0,0,0,0,0,0,0,0,0,0,0,0,0,0,0,0,0,0,0,0,0,0,0,0,0,0,0,0,0,0,0,0,0,0,0,0,0,0,0,0,0,0,0,0,['Olivier Lartillot'],Miningsuite: A Comprehensive Matlab Framework For Signal, Audio and Music Analysis, Articulating Audio And Symbolic Approaches
0,0,Spain,2019,2,SMC,0,1,0,0,0,0,0,0,0,0,0,0,0,0,0,0,0,0,0,0,0,0,0,0,0,0,0,0,0,0,0,0,1,0,0,0,0,0,0,0,0,0,0,0,0,0,0,0,0,['Zheng Jiang ', ' Roger Dannenberg'],P1.10. Melody Identification in Standard MIDI Files
0,1,Spain,2019,3,SMC,0,1,0,1,0,0,0,0,0,0,0,0,0,0,0,0,0,0,0,0,0,0,0,0,0,0,0,0,0,0,0,0,0,0,0,0,0,0,0,0,0,0,0,0,0,0,0,0,0,['Emir Demirel', ' Baris Bozkurt ', ' Xavier Serra'],P1.11. Automatic Chord-Scale Recognition using Harmonic Pitch Class Profiles
0,1,Spain,2019,1,SMC,0,0,0,0,0,0,0,0,0,0,0,0,0,0,0,0,0,0,0,0,0,0,0,0,0,0,0,0,0,0,0,0,0,0,0,0,0,0,0,0,0,0,0,0,0,0,0,0,0,['Stefano Kalonaris'],P1.2. Interaction-based Analysis of Freely Improvised Music
0,1,Spain,2019,3,SMC,0,1,0,1,0,0,0,0,0,0,0,0,0,0,0,0,0,0,0,0,0,0,0,0,0,0,0,0,0,0,0,0,0,0,0,0,0,0,0,0,0,0,0,0,0,0,0,0,0,['Alexandros Kontogeorgakopoulos', ' George Sioros ', ' Odysseas Klissouras'],P1.3. Mechanical Entanglement: A Collaborative Haptic-Music Performance
0,1,Spain,2019,3,SMC,0,1,0,1,0,0,0,0,0,0,0,0,0,0,0,0,0,0,0,0,0,0,0,0,0,0,0,0,0,0,0,0,0,0,0,0,0,0,0,0,0,0,0,0,0,0,0,0,0,['Patrick Neff', ' Jan Schacher ', ' Daniel Bisig'],P1.4. State Dependency - Audiovisual interaction through brain states
0,1,Spain,2019,2,SMC,1,0,0,0,0,0,0,0,0,0,0,0,0,0,0,0,0,0,0,0,0,0,0,0,0,0,0,0,0,0,0,0,0,0,0,0,0,0,0,0,0,0,0,0,0,0,0,0,0,['Adrián Barahona ', ' Sandra Pauletto'],P1.5. Perceptual Evaluation of Modal Synthesis for Impact-Based Sounds
0,1,Spain,2019,3,SMC,0,1,0,1,0,0,0,0,0,0,0,0,0,0,0,0,0,0,0,0,0,0,0,0,0,0,0,0,0,0,0,0,0,0,0,0,0,0,0,0,0,0,0,0,0,0,0,0,0,['Andreas Bergsland', ' Sigurd Saue ', ' Pekka Stokke'],P1.6. VIBRA - Technical and Artistic Issues in an Interactive Dance Project
0,1,Spain,2019,2,SMC,0,1,0,0,0,0,0,0,0,0,0,0,0,0,0,0,0,0,0,0,0,0,0,0,0,0,0,0,0,0,0,0,0,0,0,0,0,0,0,0,0,0,0,0,0,0,0,0,0,['Hendrik Schreiber ', ' Meinard Müller'],P1.7. Musical Tempo and Key Estimation with Directional Convolutional Neural Networks
0,1,Spain,2019,4,SMC,0,1,0,1,0,1,0,0,0,0,0,0,0,0,0,0,0,0,0,0,0,0,0,0,0,0,0,0,0,0,0,0,0,0,0,0,0,0,0,0,0,0,0,0,0,0,0,0,0,['Simone Spagnol', ' Kristján Bjarki Purkhús', ' Sverrir Karl Björnsson ', ' Runar Unnthórsson'],P1.8. The Viking HRTF Dataset
0,1,Spain,2019,4,SMC,0,1,0,1,0,1,0,0,0,0,0,0,0,0,0,0,0,0,0,0,0,0,0,0,0,0,0,0,0,0,0,0,0,0,0,0,0,0,0,0,0,0,0,0,0,0,0,0,0,['Frank Pecquet', ' Fotis Moschos', ' David Fierro ', ' Justin Pecquet'],P1.9. Performing with Sound Sample-Controlled Gloves and Light-Controlled Arms
1,0,Spain,2019,2,SMC,0,1,0,0,0,0,0,0,0,0,0,0,0,0,0,0,0,0,0,0,0,0,0,0,0,0,0,0,0,0,0,0,0,0,0,0,0,0,0,0,0,0,0,0,0,0,0,0,0,['Lilian Jap ', ' Andre Holzapfel '],P2.10.  Real-time Mapping of Periodic Dance Movements to Control Tempo in Electronic Dance Music
0,1,Spain,2019,3,SMC,0,1,1,0,0,0,0,0,0,0,0,0,0,0,0,0,0,0,0,0,0,0,0,0,0,0,0,0,0,0,0,0,0,0,0,0,0,0,0,0,0,0,0,0,0,0,0,0,0,['Tom Davis', ' Daniel Pierson ', ' Ann Bevan '],P2.11.  Increasing Access to Music in SEN Settings
1,0,Spain,2019,2,SMC,0,1,0,0,0,0,0,0,0,0,0,0,0,0,0,0,0,0,0,0,0,0,0,0,0,0,0,0,0,0,0,0,0,0,0,0,0,0,0,0,0,0,0,0,0,0,0,0,0,['Meihui Tong ', ' Satoshi Tojo '],P2.2.  Music Temperaments Evaluation Based on Triads
0,1,Spain,2019,1,SMC,0,0,0,0,0,0,0,0,0,0,0,0,0,0,0,0,0,0,0,0,0,0,0,0,0,0,0,0,0,0,0,0,0,0,0,0,0,0,0,0,0,0,0,0,0,0,0,0,0,['Giovanni Santini '],P2.3.  Composing space in the space: An Augmented and Virtual Reality sound spatialization system
0,1,Spain,2019,2,SMC,1,0,0,0,0,0,0,0,0,0,0,0,0,0,0,0,0,0,0,0,0,0,0,0,0,0,0,0,0,0,0,0,0,0,0,0,0,0,0,0,0,0,0,0,0,0,0,0,0,['Pelle Juul Christensen ', ' Stefania Serafin '],P2.4.  Graph Based Physical Models for Sound Synthesis
1,0,Spain,2019,3,SMC,1,0,1,0,0,0,0,0,0,0,0,0,0,0,0,0,0,0,0,0,0,0,0,0,0,0,0,0,0,0,0,0,0,0,0,0,0,0,0,0,0,0,0,0,0,0,0,0,0,['Lynda Gerry', ' Sofia Dahl ', ' Stefania Serafin '],P2.5.  ADPET: Exploring the Design, Pedagogy, and Analysis of a Mixed Reality Application for Piano Training
0,1,Spain,2019,6,SMC,1,0,0,1,0,1,0,1,0,1,0,0,0,0,0,0,0,0,0,0,0,0,0,0,0,0,0,0,0,0,0,0,0,0,0,0,0,0,0,0,0,0,0,0,0,0,0,0,0,['Kristoffer Landsnes', ' Liana Mehrabyan', ' Victor Wiklund', ' Fabian C. Moss', ' Robert Lieck ', ' Martin Rohrmeier '],P2.6.  Chord Prediction with The Annotated Beethoven Corpus
0,1,Spain,2019,3,SMC,1,0,0,1,0,0,0,0,0,0,0,0,0,0,0,0,0,0,0,0,0,0,0,0,0,0,0,0,0,0,0,0,0,0,0,0,0,0,0,0,0,0,0,0,0,0,0,0,0,['Adrian B. Latupeirissa', ' Emma Frid ', ' Roberto Bresin '],P2.7.  Sonic Characteristics of Robots in Films
0,1,Spain,2019,3,SMC,1,0,1,0,0,0,0,0,0,0,0,0,0,0,0,0,0,0,0,0,0,0,0,0,0,0,0,0,0,0,0,0,0,0,0,0,0,0,0,0,0,0,0,0,0,0,0,0,0,['Ali Adjorlu', ' Nathaly Belen Betancourt Barriga ', ' Stefania Serafin '],P2.8.  Virtual Reality Music Intervention to Reduce Social Anxiety in Adolescents Diagnosed with Autism Spectrum Disorder
0,1,Spain,2019,3,SMC,1,0,1,0,0,0,0,0,0,0,0,0,0,0,0,0,0,0,0,0,0,0,0,0,0,0,0,0,0,0,0,0,0,0,0,0,0,0,0,0,0,0,0,0,0,0,0,0,0,['Dimitrios Vassilakis', ' Anastasia Georgaki ', ' Christina Anagnostopoulou '],P3.10.  Jazz Mapping an Analytical and Computational Approach to Jazz Improvisation
1,0,Spain,2019,3,SMC,1,0,0,1,0,0,0,0,0,0,0,0,0,0,0,0,0,0,0,0,0,0,0,0,0,0,0,0,0,0,0,0,0,0,0,0,0,0,0,0,0,0,0,0,0,0,0,0,0,['A. Sophia Koepke', ' Olivia Wiles ', ' Andrew Zisserman '],P3.11.  Visual Pitch Estimation
0,1,Spain,2019,2,SMC,0,1,0,0,0,0,0,0,0,0,0,0,0,0,0,0,0,0,0,0,0,0,0,0,0,0,0,0,0,0,0,0,0,0,0,0,0,0,0,0,0,0,0,0,0,0,0,0,0,['Valentin Gillot ', ' Frédéric Bimbot '],P3.2.  Polytopic reconfiguration: a graph-based scheme for the multiscale transformation of music segments and its perceptual assessment
0,1,Spain,2019,2,SMC,1,0,0,0,0,0,0,0,0,0,0,0,0,0,0,0,0,0,0,0,0,0,0,0,0,0,0,0,0,0,0,0,0,0,0,0,0,0,0,0,0,0,0,0,0,0,0,0,0,['Martin Maunsbach ', ' Stefania Serafin '],P3.3.  Non-Linear Contact Sound Synthesis for Real-Time Audio-Visual Applications using Modal Textures
1,0,Spain,2019,1,SMC,0,0,0,0,0,0,0,0,0,0,0,0,0,0,0,0,0,0,0,0,0,0,0,0,0,0,0,0,0,0,0,0,0,0,0,0,0,0,0,0,0,0,0,0,0,0,0,0,0,['Sepideh Shafiei '],P3.4.  Analysis of Vocal Ornamentation in Iranian Classical Music
0,1,Spain,2019,2,SMC,0,1,0,0,0,0,0,0,0,0,0,0,0,0,0,0,0,0,0,0,0,0,0,0,0,0,0,0,0,0,0,0,0,0,0,0,0,0,0,0,0,0,0,0,0,0,0,0,0,['Josué Moreno ', ' Vesa Norilo '],P3.5.  VUSAA: An Augmented Reality Mobile App for Urban Soundwalks
1,0,Spain,2019,3,SMC,1,0,0,1,0,0,0,0,0,0,0,0,0,0,0,0,0,0,0,0,0,0,0,0,0,0,0,0,0,0,0,0,0,0,0,0,0,0,0,0,0,0,0,0,0,0,0,0,0,['Helena Cuesta', ' Emilia Gómez ', ' Pritish Chandna '],P3.6.  A Framework for Multi-f0 Modeling in SATB Choirs
1,0,Spain,2019,2,SMC,1,0,0,0,0,0,0,0,0,0,0,0,0,0,0,0,0,0,0,0,0,0,0,0,0,0,0,0,0,0,0,0,0,0,0,0,0,0,0,0,0,0,0,0,0,0,0,0,0,['Tamara Smyth ', ' Jennifer Hsu '],P3.7.  Representations of Self-Coupled Modal Oscillators with Time-Varying Sounding Frequency
0,1,Spain,2019,1,SMC,0,0,0,0,0,0,0,0,0,0,0,0,0,0,0,0,0,0,0,0,0,0,0,0,0,0,0,0,0,0,0,0,0,0,0,0,0,0,0,0,0,0,0,0,0,0,0,0,0,['Andrea Valle '],P3.8.  SonaGraph. A cartoonified spectral model for music composition
0,1,Spain,2019,1,SMC,0,0,0,0,0,0,0,0,0,0,0,0,0,0,0,0,0,0,0,0,0,0,0,0,0,0,0,0,0,0,0,0,0,0,0,0,0,0,0,0,0,0,0,0,0,0,0,0,0,['Nolan Lem '],P3.9.  Sound in Multiples: Synchrony and Interaction Design of Coupled- Oscillator Networks
0,1,Spain,2019,3,SMC,0,1,0,1,0,0,0,0,0,0,0,0,0,0,0,0,0,0,0,0,0,0,0,0,0,0,0,0,0,0,0,0,0,0,0,0,0,0,0,0,0,0,0,0,0,0,0,0,0,['Qichao Lan', ' Jim Tørresen ', ' Alexander Refsum Jensenius '],RaveForce: A Deep Reinforcement Learning Environment for Music Generation 
1,0,Spain,2019,2,SMC,1,0,0,0,0,0,0,0,0,0,0,0,0,0,0,0,0,0,0,0,0,0,0,0,0,0,0,0,0,0,0,0,0,0,0,0,0,0,0,0,0,0,0,0,0,0,0,0,0,['Tejaswinee Kelkar ', ' Lynda Gerry'],Resonance Improviser: A System for Transmitting the Embodied Sensations of Vocalization Between Two People During Improvisation
1,0,Spain,2019,1,SMC,0,0,0,0,0,0,0,0,0,0,0,0,0,0,0,0,0,0,0,0,0,0,0,0,0,0,0,0,0,0,0,0,0,0,0,0,0,0,0,0,0,0,0,0,0,0,0,0,0,['Doga Cavdir '],S1.2.  Digital Manufacturing for Musical Applications: A Survey of Current Status and Future Outlook
0,1,Spain,2019,4,SMC,0,1,0,1,0,1,0,0,0,0,0,0,0,0,0,0,0,0,0,0,0,0,0,0,0,0,0,0,0,0,0,0,0,0,0,0,0,0,0,0,0,0,0,0,0,0,0,0,0,['Romain Michon', ' Yann Orlarey', ' Stéphane Letz ', ' Dominique Fober '],S1.3.  Real Time Audio Digital Signal Processing with Faust and the Teensy
0,1,Spain,2019,3,SMC,0,1,0,1,0,0,0,0,0,0,0,0,0,0,0,0,0,0,0,0,0,0,0,0,0,0,0,0,0,0,0,0,0,0,0,0,0,0,0,0,0,0,0,0,0,0,0,0,0,['Kjetil Falkenberg Hansen', ' Martin Ljungdahl-Eriksson ', ' Ricardo Atienza '],S1.4.  Sound Design through Large Audience Interaction
1,0,Spain,2019,2,SMC,1,0,0,0,0,0,0,0,0,0,0,0,0,0,0,0,0,0,0,0,0,0,0,0,0,0,0,0,0,0,0,0,0,0,0,0,0,0,0,0,0,0,0,0,0,0,0,0,0,['Fiona Keenan ', ' Sandra Pauletto '],S1.5.  Evaluating a Continuous Sonic Interaction: Comparing a Performable Acoustic and Digital Everyday Sound
0,1,Spain,2019,3,SMC,0,1,0,1,0,0,0,0,0,0,0,0,0,0,0,0,0,0,0,0,0,0,0,0,0,0,0,0,0,0,0,0,0,0,0,0,0,0,0,0,0,0,0,0,0,0,0,0,0,['Joonas Tuovinen', ' Jamin Hu ', ' Vesa Välimäki '],S2.2.  Toward Automatic Tuning of the Piano
0,1,Spain,2019,4,SMC,0,1,1,0,0,1,0,0,0,0,0,0,0,0,0,0,0,0,0,0,0,0,0,0,0,0,0,0,0,0,0,0,0,0,0,0,0,0,0,0,0,0,0,0,0,0,0,0,0,['Silvin Willemsen', ' Nikolaj Andersson', ' Stefania Serafin ', ' Stefan Bilbao '],S2.3.  Real-time Control of Large-scale Modular Physical Models using the Sensel Morph
0,1,Spain,2019,2,SMC,1,0,0,0,0,0,0,0,0,0,0,0,0,0,0,0,0,0,0,0,0,0,0,0,0,0,0,0,0,0,0,0,0,0,0,0,0,0,0,0,0,0,0,0,0,0,0,0,0,['Prithvi Kantan ', ' Sofia Dahl '],S2.4.  An Interactive Music Synthesizer for Gait Training in Neurorehabilitation
0,1,Spain,2019,4,SMC,0,1,1,0,0,1,0,0,0,0,0,0,0,0,0,0,0,0,0,0,0,0,0,0,0,0,0,0,0,0,0,0,0,0,0,0,0,0,0,0,0,0,0,0,0,0,0,0,0,['Claudio Panariello', ' Mattias Sköld', ' Emma Frid ', ' Roberto Bresin '],S2.5.  From Vocal Sketching to Sound Models by Means of a Sound-Based Musical Transcription System
0,1,Spain,2019,2,SMC,0,1,0,0,0,0,0,0,0,0,0,0,0,0,0,0,0,0,0,0,0,0,0,0,0,0,0,0,0,0,0,0,0,0,0,0,0,0,0,0,0,0,0,0,0,0,0,0,0,['Olivier Lartillot ', ' Didier Grandjean '],S2.6.  Tempo and Metrical Analysis by Tracking Multiple Metrical Levels Using Autocorrelation
0,1,Spain,2019,2,SMC,0,1,0,0,0,0,0,0,0,0,0,0,0,0,0,0,0,0,0,0,0,0,0,0,0,0,0,0,0,0,0,0,0,0,0,0,0,0,0,0,0,0,0,0,0,0,0,0,0,['Jerome Villeneuve ', ' James Leonard '],S3.2.  Mass-Interaction Physical Models for Sound and Multi-Sensory Creation: Starting Anew
0,1,Spain,2019,1,SMC,0,0,0,0,0,0,0,0,0,0,0,0,0,0,0,0,0,0,0,0,0,0,0,0,0,0,0,0,0,0,0,0,0,0,0,0,0,0,0,0,0,0,0,0,0,0,0,0,0,['Anıl Çamcı '],S3.3.  Exploring the Effects of Diegetic and Non-diegetic Audiovisual Cues on Decision-making in Virtual Reality
0,1,Spain,2019,3,SMC,1,0,0,1,0,0,0,0,0,0,0,0,0,0,0,0,0,0,0,0,0,0,0,0,0,0,0,0,0,0,0,0,0,0,0,0,0,0,0,0,0,0,0,0,0,0,0,0,0,['David Johnson', ' Daniela Damian ', ' George Tzanetakis '],S3.4.  OSC-XR: A Toolkit for Extended Reality Immersive Music Interfaces
0,1,Spain,2019,7,SMC,0,1,0,1,0,1,0,1,0,1,1,0,0,0,0,0,0,0,0,0,0,0,0,0,0,0,0,0,0,0,0,0,0,0,0,0,0,0,0,0,0,0,0,0,0,0,0,0,0,['Andrea Passalenti', ' Razvan Paisa', ' Niels Christian Nilsson', ' Nikolaj S. Andersson', ' Federico Fontana', ' Rolf Nordahl ', ' Stefania Serafin '],S3.5.  No Strings Attached: Force and Vibrotactile Feedback in a Guitar Simulation
0,1,Spain,2019,5,SMC,0,1,0,1,0,1,0,1,0,0,0,0,0,0,0,0,0,0,0,0,0,0,0,0,0,0,0,0,0,0,0,0,0,0,0,0,0,0,0,0,0,0,0,0,0,0,0,0,0,['Stephen Pearse', ' Leigh Landy', ' Duncan Chapman', ' David Holland ', ' Mihai Eni '],S4.2.  Composing with Sounds: Designing an Object Oriented Daw for the Teaching of Sound-Based Composition
0,1,Spain,2019,1,SMC,0,0,0,0,0,0,0,0,0,0,0,0,0,0,0,0,0,0,0,0,0,0,0,0,0,0,0,0,0,0,0,0,0,0,0,0,0,0,0,0,0,0,0,0,0,0,0,0,0,['Gordan Kreković '],S4.3.  Insights in Habits and Attitudes Regarding Programming Sound Synthesizers: A Quantitative Study
0,1,Spain,2019,3,SMC,1,0,0,1,0,0,0,0,0,0,0,0,0,0,0,0,0,0,0,0,0,0,0,0,0,0,0,0,0,0,0,0,0,0,0,0,0,0,0,0,0,0,0,0,0,0,0,0,0,['Dmitri Kartofelev', ' Joann Arro ', ' Vesa Välimäki '],S5.1.  Experimental Verification of Dispersive Wave Propagation on Guitar Strings
0,1,Spain,2019,3,SMC,0,1,0,1,0,0,0,0,0,0,0,0,0,0,0,0,0,0,0,0,0,0,0,0,0,0,0,0,0,0,0,0,0,0,0,0,0,0,0,0,0,0,0,0,0,0,0,0,0,['Eero-Pekka Damskägg', ' Lauri Juvela ', ' Vesa Välimäki '],S5.2.  Real-Time Modeling of Audio Distortion Circuits with Deep Learning
0,1,Spain,2019,2,SMC,0,1,0,0,0,0,0,0,0,0,0,0,0,0,0,0,0,0,0,0,0,0,0,0,0,0,0,0,0,0,0,0,0,0,0,0,0,0,0,0,0,0,0,0,0,0,0,0,0,['James Leonard ', ' Jerome Villeneuve '],S5.3.  MI-GEN~: An Efficient and Accessible Mass-Interaction Sound Synthesis Toolbox
1,0,Spain,2019,2,SMC,1,0,0,0,0,0,0,0,0,0,0,0,0,0,0,0,0,0,0,0,0,0,0,0,0,0,0,0,0,0,0,0,0,0,0,0,0,0,0,0,0,0,0,0,0,0,0,0,0,['Jennifer Hsu ', ' Tamara Smyth '],S5.5.  Percussion synthesis using loopback frequency modulation oscillators
0,1,Spain,2019,1,SMC,0,0,0,0,0,0,0,0,0,0,0,0,0,0,0,0,0,0,0,0,0,0,0,0,0,0,0,0,0,0,0,0,0,0,0,0,0,0,0,0,0,0,0,0,0,0,0,0,0,['Akira Maezawa '],S5.6.  Deep Linear Autoregressive Model for Interpretable Prediction of Expressive Tempo
1,0,Spain,2019,4,SMC,1,0,0,1,0,1,0,0,0,0,0,0,0,0,0,0,0,0,0,0,0,0,0,0,0,0,0,0,0,0,0,0,0,0,0,0,0,0,0,0,0,0,0,0,0,0,0,0,0,['Yucong Jiang', ' Fiona Ryan', ' David Cartledge ', ' Christopher Raphael '],S6.2.  Offline Score Alignment for Realistic Music Practice
1,0,Spain,2019,2,SMC,0,1,0,0,0,0,0,0,0,0,0,0,0,0,0,0,0,0,0,0,0,0,0,0,0,0,0,0,0,0,0,0,0,0,0,0,0,0,0,0,0,0,0,0,0,0,0,0,0,['Yucong Jiang ', ' Christopher Raphael '],S6.3.  Piano Score-Following by Tracking Note Evolution
0,1,Spain,2019,3,SMC,0,1,0,1,0,0,0,0,0,0,0,0,0,0,0,0,0,0,0,0,0,0,0,0,0,0,0,0,0,0,0,0,0,0,0,0,0,0,0,0,0,0,0,0,0,0,0,0,0,['Kaede Noto', ' Yoshinari Takegawa ', ' Keiji Hirata '],S6.4.  Adaptive Score-Following System by Integrating Gaze Information
0,1,Spain,2019,2,SMC,1,0,0,0,0,0,0,0,0,0,0,0,0,0,0,0,0,0,0,0,0,0,0,0,0,0,0,0,0,0,0,0,0,0,0,0,0,0,0,0,0,0,0,0,0,0,0,0,0,['Beach Clark ', ' Claire Arthur '],S6.5.  Alternative Measures: A Musicologist Workbench for Popular Music
1,0,Spain,2019,1,SMC,0,0,0,0,0,0,0,0,0,0,0,0,0,0,0,0,0,0,0,0,0,0,0,0,0,0,0,0,0,0,0,0,0,0,0,0,0,0,0,0,0,0,0,0,0,0,0,0,0,['Hanna Järveläinen '],S7.2.  Audiovisual perception of arousal, valence, and effort in contemporary cello performance
0,1,Spain,2019,3,SMC,0,1,0,1,0,0,0,0,0,0,0,0,0,0,0,0,0,0,0,0,0,0,0,0,0,0,0,0,0,0,0,0,0,0,0,0,0,0,0,0,0,0,0,0,0,0,0,0,0,['Olof Misgeld', ' Andre Holzapfel ', ' Sven Ahlbäck '],S7.3.  Dancing dots - investigating the link between dancer and musician in Swedish Folk Dance
1,0,Spain,2019,3,SMC,0,1,0,1,0,0,0,0,0,0,0,0,0,0,0,0,0,0,0,0,0,0,0,0,0,0,0,0,0,0,0,0,0,0,0,0,0,0,0,0,0,0,0,0,0,0,0,0,0,['Juliette Dubois', ' Anders Elowsson ', ' Anders Friberg'],S8.2. Predicting Perceived Dissonance of Piano Chords Using a Chord-Class Invariant CNN and Deep Layered Learning
0,1,Spain,2019,4,SMC,0,1,0,1,1,0,0,0,0,0,0,0,0,0,0,0,0,0,0,0,0,0,0,0,0,0,0,0,0,0,0,0,0,0,0,0,0,0,0,0,0,0,0,0,0,0,0,0,0,['Vincent P. Martin', ' Sylvain Reynal', ' Dogac Basaran ', ' Hélène-Camille Crayencour '],S8.3. Belief Propagation algorithm for Automatic Chord Estimation
1,0,Spain,2019,4,SMC,0,1,0,0,1,0,0,0,0,0,0,0,0,0,0,0,0,0,0,0,0,0,0,0,0,0,0,0,0,0,0,0,0,0,1,0,0,0,0,0,0,0,0,0,0,0,0,0,0,['Changhong Wang', ' Emmanouil Benetos', ' Xiaojie Meng ', ' Elaine Chew.'],S8.4. HMM-Based Glissando Detection for Recordings of Chinese Bamboo Flute
0,1,Spain,2019,3,SMC,0,1,0,1,0,0,0,0,0,0,0,0,0,0,0,0,0,0,0,0,0,0,0,0,0,0,0,0,0,0,0,0,0,0,0,0,0,0,0,0,0,0,0,0,0,0,0,0,0,['Christon-Ragavan Nadar', ' Jakob Abeßer ', ' Sascha Grollmisch'],S8.5. Towards CNN-based Acoustic Modeling of Seventh Chords for Automatic Chord Recognition
0,1,Spain,2019,2,SMC,0,1,0,0,0,0,0,0,0,0,0,0,0,0,0,0,0,0,0,0,0,0,0,0,0,0,0,0,0,0,0,0,0,0,0,0,0,0,0,0,0,0,0,0,0,0,0,0,0,['Stefano Fasciani ', ' Manohar Vohra '],Towards a High-Performance Platform for Sonic Interaction Interfaces 
0,1,Spain,2019,3,SMC,0,1,0,1,0,0,0,0,0,0,0,0,0,0,0,0,0,0,0,0,0,0,0,0,0,0,0,0,0,0,0,0,0,0,0,0,0,0,0,0,0,0,0,0,0,0,0,0,0,['Kin Wah Edward Lin', ' Tomoyasu Nakano ', ' Masataka Goto '],VocalistMirror: A Singer Support Interface for Avoiding Undesirable Facial Expressions 