AllAuthors;FirstName1stAuthor;Gender;Place;Year;NumberOfAuthors;Title;Conference;FirstName2ndAuthor;Gender2;FirstName3rdAuthor;Gender3;FirstName4thAuthor;Gender4;FirstName5thAuthor;Gender5;FirstName6thAuthor;Gender6;FirstName7thAuthor;Gender7;FirstName8thAuthor;Gender8;FirstName9thAuthor;Gender9;FirstName10thAuthor;Gender10;FirstName11thAuthor;Gender11;FirstName12thAuthor;Gender12;FirstName13thAuthor;Gender13;FirstName14thAuthor;Gender14;FirstName15thAuthor;Gender15;FirstName16thAuthor;Gender16;FirstName17thAuthor;Gender17;Probability1;Probability2;Probability3;Probability4;Probability5;Probability6;Probability7;Probability8;Probability9;Probability10;Probability11;Probability12;Probability13;Probability14;Probability15;Probability16;Probability17
['Torsten Anders'];Torsten;male;Finland;2017;1;A Constraint-Based Framework to Model Harmony for Music Composition;SMC;;;;;;;;;;;;;;;;;;;;;;;;;;;;;;;;;1.0;;;;;;;;;;;;;;;;
['Yuta Ojima', ' Tomoyasu Nakano', ' Satoru Fukayama', ' Jun Kato', ' Masataka Goto', ' Katsutoshi Itoyama', ' Kazuyoshi Yoshii'];Yuta;male;Finland;2017;7;A Singing Instrument for Real-Time Vocal-Part Arrangement of Music and Audio Signals;SMC;Tomoyasu;male;Satoru;male;Jun;male;Masataka;male;Katsutoshi;male;Kazuyoshi;male;;;;;;;;;;;;;;;;;;;;;0.98;1.0;0.99;0.9;1.0;1.0;1.0;;;;;;;;;;
['Hanns Holger Rutz', ' Robert H√∂ldrich'];Hanns;male;Finland;2017;2;A Sonification Interface Unifying Real-Time and Offline Processing;SMC;Robert;male;;;;;;;;;;;;;;;;;;;;;;;;;;;;;;;0.98;0.99;;;;;;;;;;;;;;;
['Yusuke Wada', ' Yoshiaki Bando', ' Eita Nakamura', ' Katsutoshi Itoyama', ' Kazuyoshi Yoshii'];Yusuke;male;Finland;2017;5;An Adaptive Karaoke System that Plays Accompaniment Parts of Music Audio Signals Synchronously with Users' Singing Voices;SMC;Yoshiaki;male;Eita;male;Katsutoshi;male;Kazuyoshi;male;;;;;;;;;;;;;;;;;;;;;;;;;1.0;0.99;0.73;1.0;1.0;;;;;;;;;;;;
['Emma Frid', ' Roberto Bresin', ' Eva-Lotta Salln√§s Pysander', ' Jonas Moll'];Emma;female;Finland;2017;4;An Exploratory Study on the Effect of Auditory Feedback on Gaze Behavior in a Virtual Throwing Task with and without Haptic Feedback;SMC;Roberto;male;Eva-Lotta;female;Jonas;male;;;;;;;;;;;;;;;;;;;;;;;;;;;0.93;0.99;1.0;0.99;;;;;;;;;;;;;
['Taegyun Kwon', ' Dasaem Jeong', ' Juhan Nam'];Taegyun;male;Finland;2017;3;Audio-to-Score Alignment of Piano Music Using RNN-Based Automatic Music Transcription;SMC;Dasaem;female;Juhan;male;;;;;;;;;;;;;;;;;;;;;;;;;;;;;1.0;1.0;0.97;;;;;;;;;;;;;;
['Bochen Li', ' Chenliang Xu', ' Zhiyao Duan'];Bochen;male;Finland;2017;3;Audio-Visual Source Association for String Ensembles through Multi-Modal Vibrato Analysis;SMC;Chenliang;male;Zhiyao;male;;;;;;;;;;;;;;;;;;;;;;;;;;;;;1.0;1.0;0.75;;;;;;;;;;;;;;
['Federico Fontana', ' Debora Scappin', ' Federico Avanzini', ' Mattia Bernardi', ' Devid Bianco', ' Giorgio Klauer'];Federico;male;Finland;2017;6;Auditory, Visual and Somatosensory Localization of Piano Tones: a Preliminary Study;SMC;Debora;female;Federico;male;Mattia;male;Devid;male;Giorgio;male;;;;;;;;;;;;;;;;;;;;;;;0.99;0.99;0.99;0.98;0.99;0.99;;;;;;;;;;;
['Felipe Ordu√±a-Bustamante'];Felipe;male;Finland;2017;1;Auralization in Space and in Rooms of Arbitrary D Dimensions;SMC;;;;;;;;;;;;;;;;;;;;;;;;;;;;;;;;;0.98;;;;;;;;;;;;;;;;
['Hirofumi Takamori', ' Haruki Sato', ' Takayuki Nakatsuka', ' Shigeo Morishima'];Hirofumi;male;Finland;2017;4;Automatic Arranging Musical Score for Piano using Important Musical Elements;SMC;Haruki;male;Takayuki;male;Shigeo;male;;;;;;;;;;;;;;;;;;;;;;;;;;;1.0;0.97;1.0;1.0;;;;;;;;;;;;;
['Mitsuyo Hashida', ' Eita Nakamura', ' Haruhiro Katayose'];Mitsuyo;female;Finland;2017;3;Constructing PEDB 2nd Edition: A Music Performance Database with Phrase Information;SMC;Eita;male;Haruhiro;male;;;;;;;;;;;;;;;;;;;;;;;;;;;;;0.98;0.73;1.0;;;;;;;;;;;;;;
['Oliver H√∂dl', ' Geraldine Fitzpatrick', ' Fares Kayali', ' Simon Holland'];Oliver;male;Finland;2017;4;Design Implications for Technology-Mediated Audience Participation in Live Music;SMC;Geraldine;female;Fares;male;Simon;male;;;;;;;;;;;;;;;;;;;;;;;;;;;0.99;0.98;0.97;0.98;;;;;;;;;;;;;
['Peter Ahrendt', ' Christian C. Bach', ' Sofia Dahl'];Peter;male;Finland;2017;3;Does Singing a Low-Pitch Tone Make You Look Angrier?;SMC;Christian;male;Sofia;female;;;;;;;;;;;;;;;;;;;;;;;;;;;;;0.99;0.99;0.98;;;;;;;;;;;;;;
['Simone Pappalardo', ' Andrea Valle'];Simone;male;Finland;2017;2;Electric Grammars. Algorithmic Design and Construction of Experimental Music Circuits;SMC;Andrea;male;;;;;;;;;;;;;;;;;;;;;;;;;;;;;;;0.75;0.62;;;;;;;;;;;;;;;
['Robert Albrecht', ' Jussi Jaatinen', ' Tapio Lokki'];Robert;male;Finland;2017;3;Electronic Hearing Protection for Musicians;SMC;Jussi;male;Tapio;male;;;;;;;;;;;;;;;;;;;;;;;;;;;;;0.99;0.97;1.0;;;;;;;;;;;;;;
['Dario Sanfilippo', ' Agostino Di Scipio'];Dario;male;Finland;2017;2;Environment-Mediated Coupling of Autonomous Sound-Generating Systems in Live Performance: An Overview of the Machine Milieu Project;SMC;Agostino;male;;;;;;;;;;;;;;;;;;;;;;;;;;;;;;;0.99;0.99;;;;;;;;;;;;;;;
['Marian Weger', ' David Pirr√≤', ' Robert H√∂ldrich'];Marian;male;Finland;2017;3;Evaluation of an Acoustic Interface for Tremor Analysis;SMC;David;male;Robert;male;;;;;;;;;;;;;;;;;;;;;;;;;;;;;0.62;0.99;0.99;;;;;;;;;;;;;;
['Jennifer MacRitchie', ' Andrew J. Milne'];Jennifer;female;Finland;2017;2;Evaluation of the Learnability and Playability of Pitch Layouts in New Musical Instruments;SMC;Andrew;male;;;;;;;;;;;;;;;;;;;;;;;;;;;;;;;0.98;0.99;;;;;;;;;;;;;;;
['Jose J. Valero-Mas', ' Jos√© M. I√±esta'];Jose;male;Finland;2017;2;Experimental Assessment of Descriptive Statistics and Adaptive Methodologies for Threshold Establishment in Onset Selection Functions;SMC;Jos√©;male;;;;;;;;;;;;;;;;;;;;;;;;;;;;;;;0.98;0.97;;;;;;;;;;;;;;;
['Johnty Wang', ' Robert Pritchard', ' Bryn Nixon', ' Marcelo M. Wanderley'];Johnty;male;Finland;2017;4;Explorations with Digital Control of MIDI-enabled Pipe Organs;SMC;Robert;male;Bryn;male;Marcelo;male;;;;;;;;;;;;;;;;;;;;;;;;;;;1.0;0.99;0.96;0.99;;;;;;;;;;;;;
['Tejaswinee Kelkar', ' Alexander Refsum Jensenius'];Tejaswinee;female;Finland;2017;2;Exploring Melody and Motion Features in ‚ÄúSound-Tracings‚Äù;SMC;Alexander;male;;;;;;;;;;;;;;;;;;;;;;;;;;;;;;;1.0;0.99;;;;;;;;;;;;;;;
['Charles P. Martin', ' Jim Torresen'];Charles;male;Finland;2017;2;Exploring Social Mobile Music with Tiny Touch-Screen Performances;SMC;Jim;male;;;;;;;;;;;;;;;;;;;;;;;;;;;;;;;0.99;0.98;;;;;;;;;;;;;;;
['Rolf Inge God√∏y', ' Minho Song', ' Sofia Dahl'];Rolf;male;Finland;2017;3;Exploring Sound-Motion Textures in Drum Set Performance;SMC;Minho;male;Sofia;female;;;;;;;;;;;;;;;;;;;;;;;;;;;;;0.99;0.99;0.98;;;;;;;;;;;;;;
['Jonas Holfelt', ' Gergely Csapo', ' Nikolaj Andersson', ' Sohejl Zabetian', ' Michael Castanieto', ' Daniel Overholt', ' Sofia Dahl', ' Cumhur Erkut'];Jonas;male;Finland;2017;8;Extraction, Mapping, and Evaluation of Expressive Acoustic Features for Adaptive Digital Audio Effects;SMC;Gergely;male;Nikolaj;male;Sohejl;male;Michael;male;Daniel;male;Sofia;female;Cumhur;male;;;;;;;;;;;;;;;;;;;0.99;0.96;0.99;1.0;0.99;0.99;0.98;0.97;;;;;;;;;
['Jeffrey M. Morris'];Jeffrey;male;Finland;2017;1;Ferin Martino‚Äôs Tour: Lessons from Adapting the Same Algorithmic Art Installation to Different Venues and Platforms;SMC;;;;;;;;;;;;;;;;;;;;;;;;;;;;;;;;;0.99;;;;;;;;;;;;;;;;
['Leo McCormack', ' Vesa V√§lim√§ki'];Leo;male;Finland;2017;2;FFT-based Dynamic Range Compression;SMC;Vesa;male;;;;;;;;;;;;;;;;;;;;;;;;;;;;;;;0.94;0.86;;;;;;;;;;;;;;;
['Marius Miron', ' Jordi Janer', ' Emilia G√≥mez'];Marius;male;Finland;2017;3;Generating Data to Train Convolutional Neural Networks for Classical Music Source Separation;SMC;Jordi;male;Emilia;female;;;;;;;;;;;;;;;;;;;;;;;;;;;;;0.99;0.99;0.98;;;;;;;;;;;;;;
['Ken D√©guernel', ' J√©r√¥me Nika', ' Emmanuel Vincent', ' G√©rard Assayag'];Ken;male;Finland;2017;4;Generating Equivalent Chord Progressions to Enrich Guided Improvisation: Application to Rhythm Changes;SMC;J√©r√¥me;male;Emmanuel;male;G√©rard;male;;;;;;;;;;;;;;;;;;;;;;;;;;;0.98;1.0;0.99;1.0;;;;;;;;;;;;;
['Eduardo Micheloni', ' Marcella Mandanici', ' Antonio Rod√†', ' Sergio Canazza'];Eduardo;male;Finland;2017;4;Interactive Painting Sonification Using a Sensor-Equipped Runway;SMC;Marcella;female;Antonio;male;Sergio;male;;;;;;;;;;;;;;;;;;;;;;;;;;;0.99;0.98;0.99;0.99;;;;;;;;;;;;;
['Matteo Lionello', ' Marcella Mandanici', ' Sergio Canazza', ' Edoardo Micheloni'];Matteo;male;Finland;2017;4;Interactive Soundscapes: Developing a Physical Space Augmented through Dynamic Sound Rendering and Granular Synthesis;SMC;Marcella;female;Sergio;male;Edoardo;male;;;;;;;;;;;;;;;;;;;;;;;;;;;0.99;0.98;0.99;0.99;;;;;;;;;;;;;
['Peter Lennox', ' Ian McKenzie'];Peter;male;Finland;2017;2;Investigating Spatial Music Qualia through Tissue Conduction;SMC;Ian;male;;;;;;;;;;;;;;;;;;;;;;;;;;;;;;;0.99;0.99;;;;;;;;;;;;;;;
['Sebasti√† V. Amengual Gar√≠', ' Malte Kob', ' Tapio Lokki'];Sebasti√†;male;Finland;2017;3;Investigations on Stage Acoustic Preferences of Solo Trumpet Players using Virtual Acoustics;SMC;Malte;male;Tapio;male;;;;;;;;;;;;;;;;;;;;;;;;;;;;;0.0;0.99;1.0;;;;;;;;;;;;;;
['Takeshi Hori', ' Kazuyuki Nakamura', ' Shigeki Sagayama'];Takeshi;male;Finland;2017;3;Jazz Piano Trio Synthesizing System Based on HMM and DNN;SMC;Kazuyuki;male;Shigeki;male;;;;;;;;;;;;;;;;;;;;;;;;;;;;;1.0;1.0;1.0;;;;;;;;;;;;;;
['Pierre Beauguitte', ' Bryan Duggan', ' John D. Kelleher'];Pierre;male;Finland;2017;3;Key Inference from Irish Traditional Music Scores and Recordings;SMC;Bryan;male;John;male;;;;;;;;;;;;;;;;;;;;;;;;;;;;;0.99;0.99;0.99;;;;;;;;;;;;;;
['Anne-Marie Burns', ' S√©bastien Bel', ' Caroline Traube'];Anne-Marie;female;Finland;2017;3;Learning to Play the Guitar at the Age of Interactive and Collaborative Web Technologies;SMC;S√©bastien;male;Caroline;female;;;;;;;;;;;;;;;;;;;;;;;;;;;;;0.98;1.0;0.98;;;;;;;;;;;;;;
['L√©opold Crestel', ' Philippe Esling'];L√©opold;male;Finland;2017;2;Live Orchestral Piano, a System for Real-Time Orchestral Music Generation;SMC;Philippe;male;;;;;;;;;;;;;;;;;;;;;;;;;;;;;;;0.0;0.99;;;;;;;;;;;;;;;
['Gen Hori', ' Shigeki Sagayama'];Gen;male;Finland;2017;2;Lp-Viterbi Algorithm for Automatic Fingering Decision;SMC;Shigeki;male;;;;;;;;;;;;;;;;;;;;;;;;;;;;;;;0.7;1.0;;;;;;;;;;;;;;;
['Andrew McLeod', ' Mark Steedman'];Andrew;male;Finland;2017;2;Meter Detection in Symbolic Music Using a Lexicalized PCFG;SMC;Mark;male;;;;;;;;;;;;;;;;;;;;;;;;;;;;;;;0.99;0.99;;;;;;;;;;;;;;;
['Juan Carlos Vasquez', ' Koray TahirogÃÜlu', ' Niklas P√∂ll√∂nen', ' Johan Kildal', ' Teemu Ahmaniemi'];Juan;male;Finland;2017;5;Monitoring and Supporting Engagement in Skilled Tasks: From Creative Musical Activity to Psychological Wellbeing;SMC;Koray;male;Niklas;male;Johan;male;Teemu;male;;;;;;;;;;;;;;;;;;;;;;;;;0.98;0.97;1.0;0.99;1.0;;;;;;;;;;;;
['Daniel Bisig', ' Philippe Kocher'];Daniel;male;Finland;2017;2;Musical Approaches for Working with Time-Delayed Feedback Networks;SMC;Philippe;male;;;;;;;;;;;;;;;;;;;;;;;;;;;;;;;0.99;0.99;;;;;;;;;;;;;;;
['Martin Hartmann', ' Olivier Lartillot', ' Petri Toiviainen'];Martin;male;Finland;2017;3;Musical Feature and Novelty Curve Characterizations as Predictors of Segmentation Accuracy;SMC;Olivier;male;Petri;male;;;;;;;;;;;;;;;;;;;;;;;;;;;;;0.98;0.99;0.84;;;;;;;;;;;;;;
['Gleb Rogozinsky', ' Mihail Chesnokov', ' Eugene Cherny'];Gleb;male;Finland;2017;3;pch2csd: an Application for Converting Nord Modular G2 Patches into Csound Code;SMC;Mihail;male;Eugene;male;;;;;;;;;;;;;;;;;;;;;;;;;;;;;0.99;0.99;0.95;;;;;;;;;;;;;;
['Manuel Br√°sio', ' Filipe Lopes', ' Gilberto Bernardes', ' Rui Penha'];Manuel;male;Finland;2017;4;QUALIA: A Software for Guided Meta-Improvisation Performance;SMC;Filipe;male;Gilberto;male;Rui;male;;;;;;;;;;;;;;;;;;;;;;;;;;;0.99;0.99;0.99;0.98;;;;;;;;;;;;;
['Rod Selfridge', ' David Moffat', ' Joshua D. Reiss'];Rod;male;Finland;2017;3;Real-Time Physical Model for Synthesis of Sword Sounds;SMC;David;male;Joshua;male;;;;;;;;;;;;;;;;;;;;;;;;;;;;;0.97;0.99;0.99;;;;;;;;;;;;;;
['Liang Chen', ' Christopher Raphael'];Liang;male;Finland;2017;2;Renotation of Optical Music Recognition Data;SMC;Christopher;male;;;;;;;;;;;;;;;;;;;;;;;;;;;;;;;0.79;0.99;;;;;;;;;;;;;;;
['Raul Masu', ' Andrea Conci', ' Cristina Core', ' Antonella de Angeli', ' Fabio Morreale'];Raul;male;Finland;2017;5;Robinflock: a Polyphonic Algorithmic Composer for Interactive Scenarios with Children;SMC;Andrea;male;Cristina;female;Antonella;female;Fabio;male;;;;;;;;;;;;;;;;;;;;;;;;;0.99;0.62;0.99;0.99;0.99;;;;;;;;;;;;
['Jongpil Lee', ' Jiyoung Park', ' Keunhyoung Luke Kim', ' Juhan Nam'];Jongpil;male;Finland;2017;4;Sample-Level Deep Convolutional Neural Networks for Music Auto-Tagging Using Raw Waveforms;SMC;Jiyoung;female;Keunhyoung;male;Juhan;male;;;;;;;;;;;;;;;;;;;;;;;;;;;1.0;0.93;0.67;0.97;;;;;;;;;;;;;
['Zhiyan Duan', ' Chitralekha Gupta', ' Graham Percival', ' David Grunberg ', ' Ye Wang'];Zhiyan;female;Finland;2017;5;SECCIMA: Singing and Ear Training for Children with Cochlear Implants via a Mobile Application;SMC;Chitralekha;female;Graham;male;David;male;Ye;male;;;;;;;;;;;;;;;;;;;;;;;;;0.79;1.0;0.99;0.99;0.54;;;;;;;;;;;;
['Otso L√§hdeoja', ' Josu√© Moreno'];Otso;male;Finland;2017;2;SONIC GREENHOUSE - Considerations on a Large-Scale Audio-Architectural Installation;SMC;Josu√©;male;;;;;;;;;;;;;;;;;;;;;;;;;;;;;;;0.98;1.0;;;;;;;;;;;;;;;
['Miroslav Malik', ' Sharath Adavanne', ' Konstantinos Drossos', ' Tuomas Virtanen', ' Dasa Ticha', ' Roman Jarina'];Miroslav;male;Finland;2017;6;Stacked Convolutional and Recurrent Neural Networks for Music Emotion Recognition;SMC;Sharath;male;Konstantinos;male;Tuomas;male;Dasa;female;Roman;male;;;;;;;;;;;;;;;;;;;;;;;0.99;0.99;0.99;0.99;0.9;0.98;;;;;;;;;;;
['Andrea Valle', ' Mauro Lanza'];Andrea;male;Finland;2017;2;Systema Naturae: Shared Practices Between Physical Computing and Algorithmic Composition;SMC;Mauro;male;;;;;;;;;;;;;;;;;;;;;;;;;;;;;;;0.62;0.99;;;;;;;;;;;;;;;
['Philippe Kocher'];Philippe;male;Finland;2017;1;Technology-Assisted Performance of Polytemporal Music;SMC;;;;;;;;;;;;;;;;;;;;;;;;;;;;;;;;;0.99;;;;;;;;;;;;;;;;
['Victor Lazzarini'];Victor;male;Finland;2017;1;The CSOUND Plugin Opcode Framework;SMC;;;;;;;;;;;;;;;;;;;;;;;;;;;;;;;;;0.99;;;;;;;;;;;;;;;;
['Victor Lazzarini'];Victor;male;Finland;2017;1;The design of a lightweight DSP programming library;SMC;;;;;;;;;;;;;;;;;;;;;;;;;;;;;;;;;0.99;;;;;;;;;;;;;;;;
['Augoustinos Tsiros', ' Gr√©gory Lepl√¢tre'];Augoustinos;male;Finland;2017;2;The Effectiveness of Two Audiovisual Mappings to Control a Concatenative Synthesiser;SMC;Gr√©gory;male;;;;;;;;;;;;;;;;;;;;;;;;;;;;;;;1.0;1.0;;;;;;;;;;;;;;;
['Alexander Refsum Jensenius', ' Agata Zelechowska', ' Victor Gonzalez Sanchez'];Alexander;male;Finland;2017;3;The Musical Influence on People's Micromotion when Standing Still in Groups;SMC;Agata;female;Victor;male;;;;;;;;;;;;;;;;;;;;;;;;;;;;;0.99;0.98;0.99;;;;;;;;;;;;;;
['Yevgen Mexin', ' Aristotelis Hadjakos', ' Axel Berndt', ' Simon Waloschek', ' Anastasia Wawilow', ' Gerd Szwillus'];Yevgen;male;Finland;2017;6;Tools for Annotatiing Musical Measures in Digital Music Editions;SMC;Aristotelis;male;Axel;male;Simon;male;Anastasia;female;Gerd;male;;;;;;;;;;;;;;;;;;;;;;;0.98;0.99;0.98;0.98;0.98;0.93;;;;;;;;;;;
['Flavio Everardo'];Flavio;male;Finland;2017;1;Towards an Automated Multitrack Mixing Tool Using Answer Set Programming;SMC;;;;;;;;;;;;;;;;;;;;;;;;;;;;;;;;;0.99;;;;;;;;;;;;;;;;
['Luca Turchet', ' Carlo Fischione', ' Mathieu Barthet'];Luca;male;Finland;2017;3;Towards the internet of musical things;SMC;Carlo;male;Mathieu;male;;;;;;;;;;;;;;;;;;;;;;;;;;;;;0.96;0.99;0.99;;;;;;;;;;;;;;
['Ryan Kirkbride'];Ryan;male;Finland;2017;1;Troop: A Collaborative Tool for Live Coding;SMC;;;;;;;;;;;;;;;;;;;;;;;;;;;;;;;;;0.99;;;;;;;;;;;;;;;;
['Kristian Nymoen', ' Anne Danielsen', ' Justin London'];Kristian;male;Finland;2017;3;Validating Attach Phase Descriptors Obtained by the Timbre Toolbox and MIRtoolbox;SMC;Anne;female;Justin;male;;;;;;;;;;;;;;;;;;;;;;;;;;;;;0.99;0.97;0.98;;;;;;;;;;;;;;
['Johnty Wang', ' Joseph Malloch', ' St√©phane Huot', ' Fanny Chevalier', ' Marcelo Wanderley'];Johnty;male;Finland;2017;5;Versioning and Annotation Support for Collaborative Mapping Design;SMC;Joseph;male;St√©phane;male;Fanny;female;Marcelo;male;;;;;;;;;;;;;;;;;;;;;;;;;1.0;0.99;0.99;0.97;0.99;;;;;;;;;;;;
['Fabi√°n Esqueda', ' Henri P√∂ntynen', ' Julian D. Parker', ' Stefan Bilbao'];Fabi√°n;male;Finland;2017;4;Virtual Analog Model of the Lockhart Wavefolder;SMC;Henri;male;Julian;male;Stefan;male;;;;;;;;;;;;;;;;;;;;;;;;;;;0.0;0.98;0.98;0.98;;;;;;;;;;;;;
['Silvin Willemsen', ' Stefania Serafin', ' Jesper Rindom Jensen'];Silvin;male;Finland;2017;3;Virtual Analog Simulation and Extensions of Plate Reverberation;SMC;Stefania;female;Jesper;male;;;;;;;;;;;;;;;;;;;;;;;;;;;;;0.82;0.99;0.99;;;;;;;;;;;;;;
['Filipe Lopes'];Filipe;male;Finland;2017;1;WALLACE: Composing Music for Variable Reverberation;SMC;;;;;;;;;;;;;;;;;;;;;;;;;;;;;;;;;0.99;;;;;;;;;;;;;;;;
['Asmita Poddar', ' Eva Zangerle', ' Yi-Hsuan Yang '];Asmita;female;Cyprus ;2018;3;#nowplaying-RS: A New Benchmark Dataset for Building Context-Aware Music Recommender Systems.;SMC;Eva;female;Yi-Hsuan;female;;;;;;;;;;;;;;;;;;;;;;;;;;;;;0.95;0.98;0.71;;;;;;;;;;;;;;
['Romain Michon', ' John Granzow '];Romain;male;Cyprus ;2018;2;3D Printing and Physical Modeling of Musical Instruments: Casting the Net.;SMC;John;male;;;;;;;;;;;;;;;;;;;;;;;;;;;;;;;0.99;0.99;;;;;;;;;;;;;;;
['Christos Garoufis', ' Athanasia Zlatintsi', ' Petros Maragos '];Christos;male;Cyprus ;2018;3;A Collaborative System for Composing Music via Motion Using a Kinect Sensor and Skeletal Data.;SMC;Athanasia;female;Petros;male;;;;;;;;;;;;;;;;;;;;;;;;;;;;;0.99;0.99;0.99;;;;;;;;;;;;;;
['Nicolas Figueiredo', ' Felipe Felix', ' Carolina Brum Medeiros', ' Marcelo Queiroz '];Nicolas;male;Cyprus ;2018;4;A comparative study on filtering and classification of bird songs. ;SMC;Felipe;male;Carolina;female;Marcelo;male;;;;;;;;;;;;;;;;;;;;;;;;;;;0.99;0.98;0.98;0.99;;;;;;;;;;;;;
['Diemo Schwarz', ' Daniel Schindler', ' Severino Spadavecchia '];Diemo;male;Cyprus ;2018;3;A Heuristic Algorithm for DJ Cue Point Estimation. ;SMC;Daniel;male;Severino;male;;;;;;;;;;;;;;;;;;;;;;;;;;;;;0.94;0.99;0.98;;;;;;;;;;;;;;
['Furkan Yesiler', ' Rafael Ramirez '];Furkan;male;Cyprus ;2018;2;A Machine Learning Approach to Classification of Phonation Modes in Singing. ;SMC;Rafael;male;;;;;;;;;;;;;;;;;;;;;;;;;;;;;;;0.98;0.99;;;;;;;;;;;;;;;
['Matteo Lionello', ' Rafael Ramirez '];Matteo;male;Cyprus ;2018;2;A Machine Learning Approach to Violin Vibrato Modelling in Audio Performances and a Didactic Application for Mobile Devices.;SMC;Rafael;male;;;;;;;;;;;;;;;;;;;;;;;;;;;;;;;0.99;0.99;;;;;;;;;;;;;;;
['Thibaut Carpentier '];Thibaut;male;Cyprus ;2018;1;A new implementation of Spat in Max. ;SMC;;;;;;;;;;;;;;;;;;;;;;;;;;;;;;;;;0.99;;;;;;;;;;;;;;;;
['Elliot K. Canfield-Dafilou', ' Eoin Callery', ' Christopher Jette '];Elliot;male;Cyprus ;2018;3;A Portable Impulse Response Measurement System. ;SMC;Eoin;male;Christopher;male;;;;;;;;;;;;;;;;;;;;;;;;;;;;;0.97;0.98;0.99;;;;;;;;;;;;;;
['Eduardo Fonseca', ' Rong Gong', ' Xavier Serra '];Eduardo;male;Cyprus ;2018;3;A Simple Fusion of Deep and Shallow Learning for Acoustic Scene Classification. ;SMC;Rong;male;Xavier;male;;;;;;;;;;;;;;;;;;;;;;;;;;;;;0.99;0.59;0.99;;;;;;;;;;;;;;
['Jan-Torsten Milde'];Jan-Torsten;male;Cyprus ;2018;1;A system for spacial audio using synchronized mobile devices. p.93;SMC;;;;;;;;;;;;;;;;;;;;;;;;;;;;;;;;;0.0;;;;;;;;;;;;;;;;
['Zacharias Vamvakousis', ' Alfonso Perez Carrillo', ' Rafael Ramirez '];Zacharias;male;Cyprus ;2018;3;Acquisition of Violin Instrumental Gestures Using an Infrared Depth. Camera. ;SMC;Alfonso;male;Rafael;male;;;;;;;;;;;;;;;;;;;;;;;;;;;;;0.98;0.99;0.99;;;;;;;;;;;;;;
['Tychonas Michailidis', ' Jason Hockman '];Tychonas;male;Cyprus ;2018;2;Affordances of Vibrational Excitation for Music Composition and Performance. ;SMC;Jason;male;;;;;;;;;;;;;;;;;;;;;;;;;;;;;;;0.0;0.99;;;;;;;;;;;;;;;
['Ke Ma', ' Tian Xia '];Ke;male;Cyprus ;2018;2;AI Encountering Interactive Systems: A Deep Learning Reinforced Musical Composition Model. ;SMC;Tian;male;;;;;;;;;;;;;;;;;;;;;;;;;;;;;;;0.8;0.71;;;;;;;;;;;;;;;
['Fabi√°n Esqueda', ' Otso L√§hdeoja', ' Vesa Valimaki '];Fabi√°n;male;Cyprus ;2018;3;Algorithms for Guitar-Driven Synthesis: Application to an Augmented Guitar. ;SMC;Otso;male;Vesa;male;;;;;;;;;;;;;;;;;;;;;;;;;;;;;0.0;0.98;0.86;;;;;;;;;;;;;;
['Ohejl Zabetian ', ' Pablo Delgado', ' Sofia Dahl', ' Stefania Serafin '];Ohejl;None;Cyprus ;2018;4;An Expressive Multidimensional Physical Modelling Percussion Instrument. ;SMC;Pablo;male;Sofia;female;Stefania;female;;;;;;;;;;;;;;;;;;;;;;;;;;;0.0;0.99;0.98;0.99;;;;;;;;;;;;;
['Tomas Gajarsky', ' Hendrik Purwins '];Tomas;male;Cyprus ;2018;2;An Xception Residual Recurrent Neural Network for Audio Event Detection and Tagging.;SMC;Hendrik;male;;;;;;;;;;;;;;;;;;;;;;;;;;;;;;;0.99;0.99;;;;;;;;;;;;;;;
['Nick Bouris', ' Achilleas Chaldaeakes', ' Anastasia Georgaki '];Nick;male;Cyprus ;2018;3;Analyzing and Classifying Guitarists from ;SMC;Achilleas;male;Anastasia;female;;;;;;;;;;;;;;;;;;;;;;;;;;;;;0.98;0.99;0.98;;;;;;;;;;;;;;
['George Petras', ' Panagiotis Tsagkarakis', ' Anastasia Georgaki '];George;male;Cyprus ;2018;3;Approaches and Assessment of Drama Prosodic Tools in Live Performance. ;SMC;Panagiotis;male;Anastasia;female;;;;;;;;;;;;;;;;;;;;;;;;;;;;;0.98;0.99;0.98;;;;;;;;;;;;;;
['Stefania Serafin', ' Romain Michon', ' Smilen Dimitrov '];Stefania;female;Cyprus ;2018;3;Blender2faust: from drawn 3d objects to physically based sound models.;SMC;Romain;male;Smilen;male;;;;;;;;;;;;;;;;;;;;;;;;;;;;;0.99;0.99;1.0;;;;;;;;;;;;;;
['Bjarni Gunnarsson '];Bjarni;male;Cyprus ;2018;1;Block-based Scheduling Through Interrupts And Intervention. ;SMC;;;;;;;;;;;;;;;;;;;;;;;;;;;;;;;;;0.99;;;;;;;;;;;;;;;;
['Mitsuyo Hashida', ' Eita Nakamura', ' Haruhiro Katayose '];Mitsuyo;female;Cyprus ;2018;3;CrestMusePEDB 2nd EDITION: MUSIC PERFORMANCE DATABASE WITH PHRASE p.60 INFORMATION.;SMC;Eita;male;Haruhiro;male;;;;;;;;;;;;;;;;;;;;;;;;;;;;;0.98;0.73;1.0;;;;;;;;;;;;;;
['Zuzana Cenkerova', ' Martin Hartmann', ' Petri Toiviainen '];Zuzana;female;Cyprus ;2018;3;Crossing Phrase Boundaries in Music. ;SMC;Martin;male;Petri;male;;;;;;;;;;;;;;;;;;;;;;;;;;;;;0.99;0.98;0.84;;;;;;;;;;;;;;
['Hiromi Nakamura', ' Tomoyasu Nakano', ' Satoru Fukayama', ' Masataka Goto '];Hiromi;female;Cyprus ;2018;4;CTcomposer: A Music Composition Interface Considering Intra-Composer Consistency and Musical Typicality.;SMC;Tomoyasu;male;Satoru;male;Masataka;male;;;;;;;;;;;;;;;;;;;;;;;;;;;0.85;1.0;0.99;1.0;;;;;;;;;;;;;
['Simon Blackmore '];Simon;male;Cyprus ;2018;1;Data Transmission as Musical Performance. ;SMC;;;;;;;;;;;;;;;;;;;;;;;;;;;;;;;;;0.98;;;;;;;;;;;;;;;;
['Kosmas Kritsis', ' Aggelos Gkiokas', ' Maximos Kaliakatsos-Papakostas', ' Vassilis Katsouros', ' Aggelos Pikrakis '];Kosmas;male;Cyprus ;2018;5;Deployment of LSTMs for Real-Time Hand Gesture Interaction of 3D Virtual Music Instruments with a Leap Motion Sensor.;SMC;Aggelos;male;Maximos;male;Vassilis;male;Aggelos;male;;;;;;;;;;;;;;;;;;;;;;;;;0.99;0.99;0.96;0.99;0.99;;;;;;;;;;;;
['Eduardo Miranda', ' Hedy Hurban', ' Edward Braund '];Eduardo;male;Cyprus ;2018;3;"Dervish Sound Dress; a Development of a Musical Interface Garment which explores Wearable Technology using Sound and Haptic Feedback for Performance and Interaction.";SMC;Hedy;female;Edward;male;;;;;;;;;;;;;;;;;;;;;;;;;;;;;0.99;0.5;0.99;;;;;;;;;;;;;;
['Kosmas Kritsis', ' Aggelos Gkiokas', ' Quentin Lamerand', ' Robert Pi√©chaud', ' Carlos Acosta', ' Maximos Kaliakatsos-Papakostas', ' Vassilis Katsouros '];Kosmas;male;Cyprus ;2018;7;Design and Interaction of 3D Virtual Music Instruments for STEAM Education Using Web Technologies.;SMC;Aggelos;male;Quentin;male;Robert;male;Carlos;male;Maximos;male;Vassilis;male;;;;;;;;;;;;;;;;;;;;;0.99;0.99;0.99;0.99;0.99;0.96;0.99;;;;;;;;;;
['Federico Fontana', ' Federico Avanzini', ' Stefano Papetti '];Federico;male;Cyprus ;2018;3;Evidence of Lateralization Cues in Grand and Upright Piano Sounds. p.80;SMC;Federico;male;Stefano;male;;;;;;;;;;;;;;;;;;;;;;;;;;;;;0.99;0.99;0.99;;;;;;;;;;;;;;
['Gareth W. Young', ' Siobh√°n Mannion', ' Sara Wentworth '];Gareth;male;Cyprus ;2018;3;Evoking Places from Spaces: The application of Multimodal Narrative Techniques in the p.103 Creation of ‚ÄúU - Modified‚Äù.;SMC;Siobh√°n;female;Sara;female;;;;;;;;;;;;;;;;;;;;;;;;;;;;;0.99;0.0;0.98;;;;;;;;;;;;;;
['Gergely Csapo', ' Jonas Holfelt ', ' Peter Bruun', ' Stefania Serafin '];Gergely;male;Cyprus ;2018;4;Fiddl: Evaluation of a Smartphone Based Application Designed for a Music Workshop for Children.;SMC;Jonas;male;Peter;male;Stefania;female;;;;;;;;;;;;;;;;;;;;;;;;;;;0.96;0.99;0.99;0.99;;;;;;;;;;;;;
['Adriano Barat√®', ' Davide Andrea Mauro', ' Goffredo Haus', ' Luca Andrea Ludovico '];Adriano;male;Cyprus ;2018;4;Formalizing Schoenberg‚Äôs Fundamentals of Musical Composition through Petri Nets. ;SMC;Davide;male;Goffredo;male;Luca;male;;;;;;;;;;;;;;;;;;;;;;;;;;;0.99;0.99;0.96;0.96;;;;;;;;;;;;;
['Martin Neukom '];Martin;male;Cyprus ;2018;1;Frequency Control of Nonlinear Oscillators ‚Äì Strategies for Realtime Sound Synthesis. ;SMC;;;;;;;;;;;;;;;;;;;;;;;;;;;;;;;;;0.98;;;;;;;;;;;;;;;;
['Masatoshi Hamanaka', ' Keiji Hirata', ' Satoshi Tojo '];Masatoshi;male;Cyprus ;2018;3;GTTM Database and Manual Time-span Tree Generation Tool. ;SMC;Keiji;male;Satoshi;male;;;;;;;;;;;;;;;;;;;;;;;;;;;;;1.0;0.99;1.0;;;;;;;;;;;;;;
['Mina Shiraishi', ' Kozue Ogasawara', ' Tetsuro Kitahara '];Mina;female;Cyprus ;2018;3;HamoKara: A System for Practice of Backing Vocals for Karaoke. ;SMC;Kozue;female;Tetsuro;male;;;;;;;;;;;;;;;;;;;;;;;;;;;;;0.91;0.99;1.0;;;;;;;;;;;;;;
['Andrea Passalenti', ' Federico Fontana '];Andrea;male;Cyprus ;2018;2;Haptic Interaction with Guitar and Bass Virtual Strings. ;SMC;Federico;male;;;;;;;;;;;;;;;;;;;;;;;;;;;;;;;0.62;0.99;;;;;;;;;;;;;;;
['Laurel Pardue', ' Andrew McPherson', ' Dan Overholt '];Laurel;female;Cyprus ;2018;3;Improving the Instrumental Learning Experience through Complexity Management ;SMC;Andrew;male;Dan;male;;;;;;;;;;;;;;;;;;;;;;;;;;;;;0.61;0.99;0.95;;;;;;;;;;;;;;
['Nikos Stavropoulos '];Nikos;male;Cyprus ;2018;1;Inside the intimate zone: The case of aural micro-space in multichannel compositional practice.;SMC;;;;;;;;;;;;;;;;;;;;;;;;;;;;;;;;;0.99;;;;;;;;;;;;;;;;
['Matteo Lionello', ' Hendrik Purwins', ' Luca Pietrogrande', ' Mohamed Abou-Zleikha '];Matteo;male;Cyprus ;2018;4;Interactive Exploration of Musical Space with Parametric t-SNE. ;SMC;Hendrik;male;Luca;male;Mohamed;male;;;;;;;;;;;;;;;;;;;;;;;;;;;0.99;0.99;0.96;0.98;;;;;;;;;;;;;
['Vesa Norilo', ' Roger Dannenberg '];Vesa;male;Cyprus ;2018;2;Ko2 - Distributed Music Systems With O2 and Kronos.;SMC;Roger;male;;;;;;;;;;;;;;;;;;;;;;;;;;;;;;;0.86;0.98;;;;;;;;;;;;;;;
['Furkan Yesiler', ' Baris Bozkurt', ' Xavier Serra '];Furkan;male;Cyprus ;2018;3;Makam Recognition Using Extended Pitch Distribution Features and Multi-Layer Perceptrons.;SMC;Baris;male;Xavier;male;;;;;;;;;;;;;;;;;;;;;;;;;;;;;0.98;0.98;0.99;;;;;;;;;;;;;;
['Israel Neuman '];Israel;male;Cyprus ;2018;1;Mapping Pitch Classes And Sound Objects: A Bridge Between Klumpenhouwer Networks And Schaeffer‚Äôs TARTYP.;SMC;;;;;;;;;;;;;;;;;;;;;;;;;;;;;;;;;0.98;;;;;;;;;;;;;;;;
['Ioannis Zannos', ' Martin Carl√© '];Ioannis;male;Cyprus ;2018;2;Metric Interweaving in Networked Dance and Music Performance. ;SMC;Martin;male;;;;;;;;;;;;;;;;;;;;;;;;;;;;;;;0.99;0.98;;;;;;;;;;;;;;;
['Carlos Guedes', ' Konstantinos Trochidis', ' Akshay Anantapadmanabhan '];Carlos;male;Cyprus ;2018;3;Modeling Carnatic Rhythm Generation: a Data Driven Approach Based on Rhythmic Analysis.;SMC;Konstantinos;male;Akshay;male;;;;;;;;;;;;;;;;;;;;;;;;;;;;;0.99;0.99;1.0;;;;;;;;;;;;;;
['Anastassia Andreasen', ' Jelisaveta Zovnercuka', ' Kristians Konovalovs', ' Michele Geronazzo', ' Stefania Serafin', ' Razvan Paisa '];Anastassia;female;Cyprus ;2018;6;Navigate as a Bat. Real-Time Echolocation System in Virtual Reality. ;SMC;Jelisaveta;female;Kristians;male;Michele;male;Stefania;female;Razvan;male;;;;;;;;;;;;;;;;;;;;;;;0.97;0.92;1.0;0.86;0.99;1.0;;;;;;;;;;;
['Niccol√≤ Pretto', ' Barƒ±s Bozkurt', ' Rafael Caro Repetto', ' Xavier Serra '];Niccol√≤;male;Cyprus ;2018;4;Nawba Recognition for Arab-andalusian Music Using Templates From Music Scores. ;SMC;Barƒ±s;male;Rafael;male;Xavier;male;;;;;;;;;;;;;;;;;;;;;;;;;;;0.99;0.0;0.99;0.99;;;;;;;;;;;;;
['Stefania Serafin', ' Sofia Dahl', ' Roberto Bresin Alexander Refsum Jensenius', ' Runar Unnthorsson', ' Vesa Valimaki '];Stefania;female;Cyprus ;2018;5;NordicSMC: a Nordic University Hub on Sound and Music Computing. ;SMC;Sofia;female;Roberto;male;Runar;male;Vesa;male;;;;;;;;;;;;;;;;;;;;;;;;;0.99;0.98;0.99;1.0;0.86;;;;;;;;;;;;
['Hugo Scurto', ' Fr√©d√©ric Bevilacqua', ' Baptiste Caramiaux '];Hugo;male;Cyprus ;2018;3;Perceiving Agent Collaborative Sonic Exploration in Interactive Reinforcement p.72 Learning.;SMC;Fr√©d√©ric;male;Baptiste;male;;;;;;;;;;;;;;;;;;;;;;;;;;;;;0.99;1.0;0.99;;;;;;;;;;;;;;
['Emma Frid', ' Roberto Bresin', ' Simon Alexandersson '];Emma;female;Cyprus ;2018;3;Perception of Mechanical Sounds Inherent to Expressive Gestures of a NAO Robot - p.43 Implications for Movement Sonification of Humanoids.;SMC;Roberto;male;Simon;male;;;;;;;;;;;;;;;;;;;;;;;;;;;;;0.93;0.99;0.98;;;;;;;;;;;;;;
['Jianyu Fan', ' Miles Thorogood', ' Kƒ±vancÃß Tatar', ' Philippe Pasquier '];Jianyu;male;Cyprus ;2018;4;Quantitative Analysis of the Impact of Mixing on Perceived Emotion of Soundscape Recordings.;SMC;Miles;male;Kƒ±vancÃß;male;Philippe;male;;;;;;;;;;;;;;;;;;;;;;;;;;;0.93;0.85;0.0;0.99;;;;;;;;;;;;;
['Kurijn Buys', ' Andrew McPherson '];Kurijn;male;Cyprus ;2018;2;Real-time Bowed String Feature Extraction for Performance Applications. ;SMC;Andrew;male;;;;;;;;;;;;;;;;;;;;;;;;;;;;;;;0.0;0.99;;;;;;;;;;;;;;;
['Marcelo Queiroz', ' Guilherme Jun Yoshimura '];Marcelo;male;Cyprus ;2018;2;Relative DTW Embedding for Binary Classification of Audio Data. ;SMC;Guilherme;male;;;;;;;;;;;;;;;;;;;;;;;;;;;;;;;0.99;0.99;;;;;;;;;;;;;;;
['Brandon Westergaard', ' Timothy Hsu '];Brandon;male;Cyprus ;2018;2;Simulating the Acoustic Environment of Two Historical Viennese Theaters. ;SMC;Timothy;male;;;;;;;;;;;;;;;;;;;;;;;;;;;;;;;0.99;0.99;;;;;;;;;;;;;;;
['Nikolaj M√∏ller', ' Dan Overholt', ' Vanessa Carpenter', ' Antonio Stella', ' Baldur Kampmann', ' Martin Minovski', ' Martin Maunsbach '];Nikolaj;male;Cyprus ;2018;7;SketchyTuna: Exploring A Design For Screenless Creativity. ;SMC;Dan;male;Vanessa;female;Antonio;male;Baldur;male;Martin;male;Martin;male;;;;;;;;;;;;;;;;;;;;;0.99;0.95;0.98;0.99;0.99;0.98;0.98;;;;;;;;;;
['Marcelo Gimenes '];Marcelo;male;Cyprus ;2018;1;Sonic Crossings with Audience Participation: The Embodied iSound Performance. ;SMC;;;;;;;;;;;;;;;;;;;;;;;;;;;;;;;;;0.99;;;;;;;;;;;;;;;;
['Jianyu Fan', ' Fred Tung', ' William Li', ' Philippe Pasquier '];Jianyu;male;Cyprus ;2018;4;Soundscape Emotion Recognition via Deep Learning. ;SMC;Fred;male;William;male;Philippe;male;;;;;;;;;;;;;;;;;;;;;;;;;;;0.93;0.96;0.99;0.99;;;;;;;;;;;;;
['John Sullivan', ' Marcelo M. Wanderley '];John;male;Cyprus ;2018;2;Stability, Reliability, Compatibility: Reviewing 40 Years of DMI Design.;SMC;Marcelo;male;;;;;;;;;;;;;;;;;;;;;;;;;;;;;;;0.99;0.99;;;;;;;;;;;;;;;
[' Joe Fitzpatrick', ' Flaithri Neff '];Joe;male;Cyprus ;2018;2;Stream Segregation: Utilizing Harmonic Variance in Auditory Graphs;SMC;Flaithri;male;;;;;;;;;;;;;;;;;;;;;;;;;;;;;;;0.95;0.0;;;;;;;;;;;;;;;
['S√©rgio Freire', ' Augusto Armondes', ' Jo√£o Viana', ' Rubens Silva '];S√©rgio;male;Cyprus ;2018;4;Strumming on an Acoustic Nylon Guitar: Microtiming, Beat Control and Rhythmic Expression in Three Different Accompaniment Patterns.;SMC;Augusto;male;Jo√£o;male;Rubens;male;;;;;;;;;;;;;;;;;;;;;;;;;;;0.0;0.99;0.99;0.98;;;;;;;;;;;;;
['Theofani Sklirou', ' Areti Andreopoulou', ' Anastasia Georgaki '];Theofani;female;Cyprus ;2018;3;Teaching Programming in Secondary Education through Sound. ;SMC;Areti;female;Anastasia;female;;;;;;;;;;;;;;;;;;;;;;;;;;;;;1.0;0.98;0.98;;;;;;;;;;;;;;
['Doga Buse Cavdir', ' Romain Michon', ' Ge Wang '];Doga;female;Cyprus ;2018;3;The BodyHarp: Designing the Intersection Between the Instrument and the Body. ;SMC;Romain;male;Ge;male;;;;;;;;;;;;;;;;;;;;;;;;;;;;;0.54;0.99;0.68;;;;;;;;;;;;;;
['Xenofon Karakonstantis', ' Konstantinos Bakogiannis', ' George Cambourakis', ' Anastasia Georgaki'];Xenofon;male;Cyprus;2018;4;"Time lapse video sonification; watching and listening to events unfolding.";SMC;Konstantinos;male;George;male;Anastasia;female;;;;;;;;;;;;;;;;;;;;;;;;;;;1.0;0.99;0.98;0.98;;;;;;;;;;;;;
['Benjamin Matuszewski', ' Fr√©d√©ric Bevilacqua '];Benjamin;male;Cyprus ;2018;2;Toward a Web of Audio Things. ;SMC;Fr√©d√©ric;male;;;;;;;;;;;;;;;;;;;;;;;;;;;;;;;0.99;1.0;;;;;;;;;;;;;;;
['Christine Steinmeie', ' Christine Steinmeie'];Christine;female;Cyprus ;2018;2;Towards Creating an Augmented Handpan using Leap Motion. p.108 Christine Steinmeier, Dominic Becking;SMC;Christine;female;;;;;;;;;;;;;;;;;;;;;;;;;;;;;;;0.99;0.99;;;;;;;;;;;;;;;
['Thilo Koch', ' Marcelo Queiroz '];Thilo;male;Cyprus ;2018;2;Towards Flexible Audio Processing. ;SMC;Marcelo;male;;;;;;;;;;;;;;;;;;;;;;;;;;;;;;;0.98;0.99;;;;;;;;;;;;;;;
['Rameel Sethi', ' Noah Weninger', ' Abram Hindle', ' Vadim Bulitko', ' Michael Frishkopf '];Rameel;male;Cyprus ;2018;5;Training Deep Convolutional Networks with Unlimited Synthesis of Musical Examples for Multiple Instrument Recognition.;SMC;Noah;male;Abram;male;Vadim;male;Michael;male;;;;;;;;;;;;;;;;;;;;;;;;;1.0;0.88;0.96;1.0;0.99;;;;;;;;;;;;
['Hiroki Nishino '];Hiroki;male;Cyprus ;2018;1;Unit-generator Graph as a Generator of Lazily Evaluated Audio-vector Trees. ;SMC;;;;;;;;;;;;;;;;;;;;;;;;;;;;;;;;;1.0;;;;;;;;;;;;;;;;
['Rodolphe Bourotte '];Rodolphe;male;Cyprus ;2018;1;UPISketch : The Renewal of an Old Idea. ;SMC;;;;;;;;;;;;;;;;;;;;;;;;;;;;;;;;;0.99;;;;;;;;;;;;;;;;
['Erik Sikstr√∂m', ' Michele Geronazzo', ' Jari Kleimola', ' Federico Avanzini', ' Amalia de G√∂tzen', ' Stefania Serafin'];Erik;male;Cyprus ;2018;6;Virtual Reality Exploration with Different Head-Related Transfer Functions. p.85;SMC;Michele;male;Jari;male;Federico;male;Amalia;female;Stefania;female;;;;;;;;;;;;;;;;;;;;;;;0.99;0.86;0.97;0.99;0.98;0.99;;;;;;;;;;;
['Oswaldo Emiddio Vasquez Hadjilyra '];Oswaldo;male;Cyprus ;2018;1;You Are Here: Sonic Crossings and Time Indeterminacy within the Buffer Zone. ;SMC;;;;;;;;;;;;;;;;;;;;;;;;;;;;;;;;;0.98;;;;;;;;;;;;;;;;
['Lonce Wyse ', ' Muhammad Huzaifah'];Lonce;male;Spain;2019;2; Conditioning a Recurrent Neural Network to synthesize musical instrument transients;SMC;Muhammad;male;;;;;;;;;;;;;;;;;;;;;;;;;;;;;;;0.75;0.99;;;;;;;;;;;;;;;
['Max Neupert ', ' Clemens Wegener '];Max;male;Spain;2019;2;¬†Exciting Digital Resonators with Analogue Sound ;SMC;Clemens;male;;;;;;;;;;;;;;;;;;;;;;;;;;;;;;;0.98;0.99;;;;;;;;;;;;;;;
['Darrell Gibson ', ' Richard Polfreman '];Darrell;male;Spain;2019;2;A Framework for the Evaluation of Interpolated Synthesizer Parameter Mapping ;SMC;Richard;male;;;;;;;;;;;;;;;;;;;;;;;;;;;;;;;0.98;0.99;;;;;;;;;;;;;;;
['Christian Baumann', ' Johanna Friederike Baarlink ', ' Jan-Torsten Milde'];Christian;male;Spain;2019;3;Adaptive Body Movement Sonification in Music and Therapy;SMC;Johanna;female;Jan-Torsten;male;;;;;;;;;;;;;;;;;;;;;;;;;;;;;0.99;0.97;0.0;;;;;;;;;;;;;;
['Leonardo Fierro', ' Jussi RaÃàmoÃà ', ' Vesa VaÃàlimaÃàki '];Leonardo;male;Spain;2019;3;Adaptive Loudness Compensation in Music Listening ;SMC;Jussi;male;Vesa;male;;;;;;;;;;;;;;;;;;;;;;;;;;;;;0.99;0.97;0.86;;;;;;;;;;;;;;
['Fanny Roche', ' Thomas Hueber', ' Samuel Limier ', ' Laurent Girin '];Fanny;female;Spain;2019;4;Autoencoders for music sound modeling: a comparison of linear, shallow, deep, recurrent and variational models;SMC;Thomas;male;Samuel;male;Laurent;male;;;;;;;;;;;;;;;;;;;;;;;;;;;0.97;0.99;0.99;0.99;;;;;;;;;;;;;
['Eduardo MagalhaÃÉes', ' Emil Rosenlund H√∏eg', ' Gilberto Bernardes', ' Jon Ram Bruun-Pedersen', ' Stefania Serafin ', ' Rolf Nordhal '];Eduardo;male;Spain;2019;6;Combining Texture-Derived Vibrotactile Feedback, Concatenative Synthesis and Photogrammetry for Virtual Reality Rendering;SMC;Emil;male;Gilberto;male;Jon;male;Stefania;female;Rolf;male;;;;;;;;;;;;;;;;;;;;;;;0.99;0.98;0.99;0.98;0.99;0.99;;;;;;;;;;;
['Romain Michon', ' Yann Orlarey', ' SteÃÅphane Letz ', ' Dominique Fober '];Romain;male;Spain;2019;4;Comparison and Implementation of Data Transmission Techniques through Analog Audio Signals in the Context of Augmented Mobile Instruments;SMC;Yann;male;SteÃÅphane;male;Dominique;male;;;;;;;;;;;;;;;;;;;;;;;;;;;0.99;0.98;0.0;0.57;;;;;;;;;;;;;
['Simon Blackmore'];Simon;male;Spain;2019;1;Copying Clave ‚Äì A Turing Test;SMC;;;;;;;;;;;;;;;;;;;;;;;;;;;;;;;;;0.98;;;;;;;;;;;;;;;;
['Masatoshi Hamanaka '];Masatoshi;male;Spain;2019;1;D1.2. ¬†Melody Slot Machine;SMC;;;;;;;;;;;;;;;;;;;;;;;;;;;;;;;;;1.0;;;;;;;;;;;;;;;;
['Anders Vinjar ', ' Jean Bresson '];Anders;male;Spain;2019;2;D1.3. ¬†OM-AI: A Toolkit to Support AI-Based Computer-Assisted Composition Workflows in OpenMusic;SMC;Jean;male;;;;;;;;;;;;;;;;;;;;;;;;;;;;;;;0.99;0.95;;;;;;;;;;;;;;;
['Enrico Dorigatti '];Enrico;male;Spain;2019;1;D1.4. ¬†URALi: a proposal of approach to real-time audio synthesis in Unity;SMC;;;;;;;;;;;;;;;;;;;;;;;;;;;;;;;;;0.99;;;;;;;;;;;;;;;;
['Silvan David Peter ', ' Gerhard Widmer '];Silvan;male;Spain;2019;2;D1.5. ¬†A Sequencer with Decoupled Track Timing;SMC;Gerhard;male;;;;;;;;;;;;;;;;;;;;;;;;;;;;;;;0.96;0.99;;;;;;;;;;;;;;;
['ViÃÅctor Jaime MariÃÅn ', ' Alberto Peinado '];ViÃÅctor;male;Spain;2019;2;D1.6. ¬†Musicypher: Music for Message Encryption;SMC;Alberto;male;;;;;;;;;;;;;;;;;;;;;;;;;;;;;;;0.0;0.99;;;;;;;;;;;;;;;
['Fu-Hai Frank Wu '];Fu-Hai;None;Spain;2019;1;D1.7. ¬†A Platform for Processing Sheet Music and Developing Multimedia Application;SMC;;;;;;;;;;;;;;;;;;;;;;;;;;;;;;;;;0.0;;;;;;;;;;;;;;;;
['Alejandro Villena-RodriÃÅguez', ' Lorenzo J. TardoÃÅn', ' Isabel Barbancho', ' Ana M. Barbancho', ' Irene GoÃÅmez-Plazas ', ' MariÃÅa-JoseÃÅ Varela-Salinas '];Alejandro;male;Spain;2019;6;D1.8. ¬†Capturing the Reaction Time to Distinguish between Voice and Music;SMC;Lorenzo;male;Isabel;female;Ana;female;Irene;female;MariÃÅa-JoseÃÅ;female;;;;;;;;;;;;;;;;;;;;;;;0.99;0.99;0.98;0.98;0.99;0.0;;;;;;;;;;;
['Silvin Willemsen ', ' Stefan Bilbao', ' Nikolaj Andersson ', ' Stefania Serafin '];Silvin;male;Spain;2019;4;D1.9. ¬†Physical Models and Real-Time Control with the Sensel Morph;SMC;Stefan;male;Nikolaj;male;Stefania;female;;;;;;;;;;;;;;;;;;;;;;;;;;;0.82;0.98;0.99;0.99;;;;;;;;;;;;;
['Akane Yasuhara', ' Junko Fujii ', ' Tetsuro Kitahara '];Akane;female;Spain;2019;3;D2.2. ¬†Extending Jamsketch: An Improvisation Support System;SMC;Junko;female;Tetsuro;male;;;;;;;;;;;;;;;;;;;;;;;;;;;;;0.94;0.95;1.0;;;;;;;;;;;;;;
['Swaroop Panda', ' Vinay P. Namboodiri ', ' Shatarupa Thakurta Roy '];Swaroop;male;Spain;2019;3;D2.3. ¬†Visualizing Music Genres using a Topic Model;SMC;Vinay;male;Shatarupa;female;;;;;;;;;;;;;;;;;;;;;;;;;;;;;0.99;0.99;1.0;;;;;;;;;;;;;;
['Daniel HernaÃÅn Molina Villota', ' Antonio Jurado-Navas ', ' Isabel Barbancho '];Daniel;male;Spain;2019;3;D2.4. ¬†CompoVOX: Real-Time Sonification of Voice;SMC;Antonio;male;Isabel;female;;;;;;;;;;;;;;;;;;;;;;;;;;;;;0.99;0.99;0.98;;;;;;;;;;;;;;
['Oscar Cobos', ' Jorge Munilla', ' Ana M. Barbancho', ' Isabel Barbancho ', ' Lorenzo J. TardoÃÅn '];Oscar;male;Spain;2019;5;D2.5. ¬†Facial Activity Detection to Monitor Attention and Fatigue;SMC;Jorge;male;Ana;female;Isabel;female;Lorenzo;male;;;;;;;;;;;;;;;;;;;;;;;;;0.99;0.99;0.98;0.98;0.99;;;;;;;;;;;;
['Eamon McCoy', ' John Greene', ' Jared Henson', ' James Pinder', ' Jonathan Brown', ' Claire Arthur'];Eamon;male;Spain;2019;6;D2.6. ¬†The Chordinator: An Interactive Music Learning Device;SMC;John;male;Jared;male;James;male;Jonathan;male;Claire;female;;;;;;;;;;;;;;;;;;;;;;;0.98;0.99;0.99;0.99;0.99;0.97;;;;;;;;;;;
['Sascha Grollmisch ', ' Estefania Cano '];Sascha;male;Spain;2019;2;D2.7. ¬†Automatic Chord Recognition in Music Education Applications;SMC;Estefania;female;;;;;;;;;;;;;;;;;;;;;;;;;;;;;;;0.97;0.99;;;;;;;;;;;;;;;
['Signe Lund Mathiesen', ' Derek Victor Byrne ', ' Qian Janice Wang '];Signe;female;Spain;2019;3;D2.8. ¬†Sonic Sweetener Mug;SMC;Derek;male;Qian;female;;;;;;;;;;;;;;;;;;;;;;;;;;;;;0.95;0.99;0.7;;;;;;;;;;;;;;
['Brett Dalton', ' David Johnson ', ' George Tzanetakis'];Brett;male;Spain;2019;3;DAW-Integrated Beat Tracking for Music Production;SMC;David;male;George;male;;;;;;;;;;;;;;;;;;;;;;;;;;;;;0.99;0.99;0.98;;;;;;;;;;;;;;
['AÃÅfrica Chamorro', ' Ana M. Barbancho', ' Isabel Barbancho ', ' Lorenzo J. TardoÃÅn'];AÃÅfrica;None;Spain;2019;4;Drawing Geometric Figures with Braille Description through a Speech Recognition System;SMC;Ana;female;Isabel;female;Lorenzo;male;;;;;;;;;;;;;;;;;;;;;;;;;;;0.0;0.98;0.98;0.99;;;;;;;;;;;;;
['Johan Pauwels ', ' Mark B. Sandler'];Johan;male;Spain;2019;2;Finding New Practice Material through Chord-Based Exploration of a Large Music Catalogue;SMC;Mark;male;;;;;;;;;;;;;;;;;;;;;;;;;;;;;;;0.99;0.99;;;;;;;;;;;;;;;
['Arne Eigenfeldt '];Arne;male;Spain;2019;1;Interacting with Musebots (that don‚Äôt really listen) ;SMC;;;;;;;;;;;;;;;;;;;;;;;;;;;;;;;;;0.98;;;;;;;;;;;;;;;;
['Daniel Moreno', ' Isabel Barbancho', ' Ana M. Barbancho ', ' Lorenzo J. TardoÃÅn'];Daniel;male;Spain;2019;4;Interactive Music Training System;SMC;Isabel;female;Ana;female;Lorenzo;male;;;;;;;;;;;;;;;;;;;;;;;;;;;0.99;0.98;0.98;0.99;;;;;;;;;;;;;
['Mads Hobye'];Mads;male;Spain;2019;1;Internal Complexity for Exploratory Interaction;SMC;;;;;;;;;;;;;;;;;;;;;;;;;;;;;;;;;0.98;;;;;;;;;;;;;;;;
['Florian Colombo', ' Johanni Brea ', ' Wulfram Gerstner '];Florian;male;Spain;2019;3;Learning to Generate Music with BachProp ;SMC;Johanni;male;Wulfram;male;;;;;;;;;;;;;;;;;;;;;;;;;;;;;0.99;0.72;1.0;;;;;;;;;;;;;;
['Federico Avanzini', ' Adriano BarateÃÄ', ' Luca Andrea Ludovico ', ' Marcella Mandanici '];Federico;male;Spain;2019;4;Metrics for the Automatic Assessment of Music Harmony Awareness in Children;SMC;Adriano;male;Luca;male;Marcella;female;;;;;;;;;;;;;;;;;;;;;;;;;;;0.99;0.99;0.96;0.98;;;;;;;;;;;;;
['Olivier Lartillot'];Olivier;male;Spain;2019;1;Miningsuite: A Comprehensive Matlab Framework For Signal, Audio and Music Analysis, Articulating Audio And Symbolic Approaches;SMC;;;;;;;;;;;;;;;;;;;;;;;;;;;;;;;;;0.99;;;;;;;;;;;;;;;;
['Zheng Jiang ', ' Roger Dannenberg'];Zheng;None;Spain;2019;2;P1.10. Melody Identification in Standard MIDI Files;SMC;Roger;male;;;;;;;;;;;;;;;;;;;;;;;;;;;;;;;0.75;0.98;;;;;;;;;;;;;;;
['Emir Demirel', ' Baris Bozkurt ', ' Xavier Serra'];Emir;male;Spain;2019;3;P1.11. Automatic Chord-Scale Recognition using Harmonic Pitch Class Profiles;SMC;Baris;male;Xavier;male;;;;;;;;;;;;;;;;;;;;;;;;;;;;;0.97;0.98;0.99;;;;;;;;;;;;;;
['Stefano Kalonaris'];Stefano;male;Spain;2019;1;P1.2. Interaction-based Analysis of Freely Improvised Music;SMC;;;;;;;;;;;;;;;;;;;;;;;;;;;;;;;;;0.99;;;;;;;;;;;;;;;;
['Alexandros Kontogeorgakopoulos', ' George Sioros ', ' Odysseas Klissouras'];Alexandros;male;Spain;2019;3;P1.3. Mechanical Entanglement: A Collaborative Haptic-Music Performance;SMC;George;male;Odysseas;male;;;;;;;;;;;;;;;;;;;;;;;;;;;;;0.99;0.98;1.0;;;;;;;;;;;;;;
['Patrick Neff', ' Jan Schacher ', ' Daniel Bisig'];Patrick;male;Spain;2019;3;P1.4. State Dependency - Audiovisual interaction through brain states;SMC;Jan;male;Daniel;male;;;;;;;;;;;;;;;;;;;;;;;;;;;;;0.99;0.95;0.99;;;;;;;;;;;;;;
['AdriaÃÅn Barahona ', ' Sandra Pauletto'];AdriaÃÅn;male;Spain;2019;2;P1.5. Perceptual Evaluation of Modal Synthesis for Impact-Based Sounds;SMC;Sandra;female;;;;;;;;;;;;;;;;;;;;;;;;;;;;;;;0.0;0.98;;;;;;;;;;;;;;;
['Andreas Bergsland', ' Sigurd Saue ', ' Pekka Stokke'];Andreas;male;Spain;2019;3;P1.6. VIBRA - Technical and Artistic Issues in an Interactive Dance Project;SMC;Sigurd;male;Pekka;male;;;;;;;;;;;;;;;;;;;;;;;;;;;;;0.99;0.98;0.99;;;;;;;;;;;;;;
['Hendrik Schreiber ', ' Meinard MuÃàller'];Hendrik;male;Spain;2019;2;P1.7. Musical Tempo and Key Estimation with Directional Convolutional Neural Networks;SMC;Meinard;male;;;;;;;;;;;;;;;;;;;;;;;;;;;;;;;0.99;0.96;;;;;;;;;;;;;;;
['Simone Spagnol', ' KristjaÃÅn Bjarki PurkhuÃÅs', ' Sverrir Karl BjoÃàrnsson ', ' Runar UnnthoÃÅrsson'];Simone;male;Spain;2019;4;P1.8. The Viking HRTF Dataset;SMC;KristjaÃÅn;male;Sverrir;male;Runar;male;;;;;;;;;;;;;;;;;;;;;;;;;;;0.75;0.0;1.0;1.0;;;;;;;;;;;;;
['Frank Pecquet', ' Fotis Moschos', ' David Fierro ', ' Justin Pecquet'];Frank;male;Spain;2019;4;P1.9. Performing with Sound Sample-Controlled Gloves and Light-Controlled Arms;SMC;Fotis;male;David;male;Justin;male;;;;;;;;;;;;;;;;;;;;;;;;;;;0.99;0.99;0.99;0.98;;;;;;;;;;;;;
['Lilian Jap ', ' Andre Holzapfel '];Lilian;female;Spain;2019;2;P2.10. ¬†Real-time Mapping of Periodic Dance Movements to Control Tempo in Electronic Dance Music;SMC;Andre;male;;;;;;;;;;;;;;;;;;;;;;;;;;;;;;;0.73;0.95;;;;;;;;;;;;;;;
['Tom Davis', ' Daniel Pierson ', ' Ann Bevan '];Tom;male;Spain;2019;3;P2.11. ¬†Increasing Access to Music in SEN Settings;SMC;Daniel;male;Ann;female;;;;;;;;;;;;;;;;;;;;;;;;;;;;;0.99;0.99;0.97;;;;;;;;;;;;;;
['Meihui Tong ', ' Satoshi Tojo '];Meihui;female;Spain;2019;2;P2.2. ¬†Music Temperaments Evaluation Based on Triads;SMC;Satoshi;male;;;;;;;;;;;;;;;;;;;;;;;;;;;;;;;1.0;1.0;;;;;;;;;;;;;;;
['Giovanni Santini '];Giovanni;male;Spain;2019;1;P2.3. ¬†Composing space in the space: An Augmented and Virtual Reality sound spatialization system;SMC;;;;;;;;;;;;;;;;;;;;;;;;;;;;;;;;;0.99;;;;;;;;;;;;;;;;
['Pelle Juul Christensen ', ' Stefania Serafin '];Pelle;male;Spain;2019;2;P2.4. ¬†Graph Based Physical Models for Sound Synthesis;SMC;Stefania;female;;;;;;;;;;;;;;;;;;;;;;;;;;;;;;;0.96;0.99;;;;;;;;;;;;;;;
['Lynda Gerry', ' Sofia Dahl ', ' Stefania Serafin '];Lynda;female;Spain;2019;3;P2.5. ¬†ADPET: Exploring the Design, Pedagogy, and Analysis of a Mixed Reality Application for Piano Training;SMC;Sofia;female;Stefania;female;;;;;;;;;;;;;;;;;;;;;;;;;;;;;0.98;0.98;0.99;;;;;;;;;;;;;;
['Kristoffer Landsnes', ' Liana Mehrabyan', ' Victor Wiklund', ' Fabian C. Moss', ' Robert Lieck ', ' Martin Rohrmeier '];Kristoffer;male;Spain;2019;6;P2.6. ¬†Chord Prediction with The Annotated Beethoven Corpus;SMC;Liana;female;Victor;male;Fabian;male;Robert;male;Martin;male;;;;;;;;;;;;;;;;;;;;;;;1.0;0.98;0.99;0.99;0.99;0.98;;;;;;;;;;;
['Adrian B. Latupeirissa', ' Emma Frid ', ' Roberto Bresin '];Adrian;male;Spain;2019;3;P2.7. ¬†Sonic Characteristics of Robots in Films;SMC;Emma;female;Roberto;male;;;;;;;;;;;;;;;;;;;;;;;;;;;;;0.99;0.93;0.99;;;;;;;;;;;;;;
['Ali Adjorlu', ' Nathaly Belen Betancourt Barriga ', ' Stefania Serafin '];Ali;male;Spain;2019;3;P2.8. ¬†Virtual Reality Music Intervention to Reduce Social Anxiety in Adolescents Diagnosed with Autism Spectrum Disorder;SMC;Nathaly;female;Stefania;female;;;;;;;;;;;;;;;;;;;;;;;;;;;;;0.95;0.98;0.99;;;;;;;;;;;;;;
['Dimitrios Vassilakis', ' Anastasia Georgaki ', ' Christina Anagnostopoulou '];Dimitrios;male;Spain;2019;3;P3.10. ¬†Jazz Mapping an Analytical and Computational Approach to Jazz Improvisation;SMC;Anastasia;female;Christina;female;;;;;;;;;;;;;;;;;;;;;;;;;;;;;0.99;0.98;0.98;;;;;;;;;;;;;;
['A. Sophia Koepke', ' Olivia Wiles ', ' Andrew Zisserman '];Sophia;female;Spain;2019;3;P3.11. ¬†Visual Pitch Estimation;SMC;Olivia;female;Andrew;male;;;;;;;;;;;;;;;;;;;;;;;;;;;;;0.97;0.97;0.99;;;;;;;;;;;;;;
['Valentin Gillot ', ' FreÃÅdeÃÅric Bimbot '];Valentin;male;Spain;2019;2;P3.2. ¬†Polytopic reconfiguration: a graph-based scheme for the multiscale transformation of music segments and its perceptual assessment;SMC;FreÃÅdeÃÅric;male;;;;;;;;;;;;;;;;;;;;;;;;;;;;;;;0.99;0.0;;;;;;;;;;;;;;;
['Martin Maunsbach ', ' Stefania Serafin '];Martin;male;Spain;2019;2;P3.3. ¬†Non-Linear Contact Sound Synthesis for Real-Time Audio-Visual Applications using Modal Textures;SMC;Stefania;female;;;;;;;;;;;;;;;;;;;;;;;;;;;;;;;0.98;0.99;;;;;;;;;;;;;;;
['Sepideh Shafiei '];Sepideh;female;Spain;2019;1;P3.4. ¬†Analysis of Vocal Ornamentation in Iranian Classical Music;SMC;;;;;;;;;;;;;;;;;;;;;;;;;;;;;;;;;0.98;;;;;;;;;;;;;;;;
['JosueÃÅ Moreno ', ' Vesa Norilo '];JosueÃÅ;male;Spain;2019;2;P3.5. ¬†VUSAA: An Augmented Reality Mobile App for Urban Soundwalks;SMC;Vesa;male;;;;;;;;;;;;;;;;;;;;;;;;;;;;;;;0.0;0.86;;;;;;;;;;;;;;;
['Helena Cuesta', ' Emilia GoÃÅmez ', ' Pritish Chandna '];Helena;female;Spain;2019;3;P3.6. ¬†A Framework for Multi-f0 Modeling in SATB Choirs;SMC;Emilia;female;Pritish;male;;;;;;;;;;;;;;;;;;;;;;;;;;;;;0.99;0.98;0.99;;;;;;;;;;;;;;
['Tamara Smyth ', ' Jennifer Hsu '];Tamara;female;Spain;2019;2;P3.7. ¬†Representations of Self-Coupled Modal Oscillators with Time-Varying Sounding Frequency;SMC;Jennifer;female;;;;;;;;;;;;;;;;;;;;;;;;;;;;;;;0.98;0.98;;;;;;;;;;;;;;;
['Andrea Valle '];Andrea;male;Spain;2019;1;P3.8. ¬†SonaGraph. A cartoonified spectral model for music composition;SMC;;;;;;;;;;;;;;;;;;;;;;;;;;;;;;;;;0.62;;;;;;;;;;;;;;;;
['Nolan Lem '];Nolan;male;Spain;2019;1;P3.9. ¬†Sound in Multiples: Synchrony and Interaction Design of Coupled- Oscillator Networks;SMC;;;;;;;;;;;;;;;;;;;;;;;;;;;;;;;;;0.98;;;;;;;;;;;;;;;;
['Qichao Lan', ' Jim T√∏rresen ', ' Alexander Refsum Jensenius '];Qichao;male;Spain;2019;3;RaveForce: A Deep Reinforcement Learning Environment for Music Generation ;SMC;Jim;male;Alexander;male;;;;;;;;;;;;;;;;;;;;;;;;;;;;;0.88;0.98;0.99;;;;;;;;;;;;;;
['Tejaswinee Kelkar ', ' Lynda Gerry'];Tejaswinee;female;Spain;2019;2;Resonance Improviser: A System for Transmitting the Embodied Sensations of Vocalization Between Two People During Improvisation;SMC;Lynda;female;;;;;;;;;;;;;;;;;;;;;;;;;;;;;;;1.0;0.98;;;;;;;;;;;;;;;
['Doga Cavdir '];Doga;female;Spain;2019;1;S1.2. ¬†Digital Manufacturing for Musical Applications: A Survey of Current Status and Future Outlook;SMC;;;;;;;;;;;;;;;;;;;;;;;;;;;;;;;;;0.54;;;;;;;;;;;;;;;;
['Romain Michon', ' Yann Orlarey', ' SteÃÅphane Letz ', ' Dominique Fober '];Romain;male;Spain;2019;4;S1.3. ¬†Real Time Audio Digital Signal Processing with Faust and the Teensy;SMC;Yann;male;SteÃÅphane;male;Dominique;male;;;;;;;;;;;;;;;;;;;;;;;;;;;0.99;0.98;0.0;0.57;;;;;;;;;;;;;
['Kjetil Falkenberg Hansen', ' Martin Ljungdahl-Eriksson ', ' Ricardo Atienza '];Kjetil;male;Spain;2019;3;S1.4. ¬†Sound Design through Large Audience Interaction;SMC;Martin;male;Ricardo;male;;;;;;;;;;;;;;;;;;;;;;;;;;;;;0.99;0.98;0.99;;;;;;;;;;;;;;
['Fiona Keenan ', ' Sandra Pauletto '];Fiona;female;Spain;2019;2;S1.5. ¬†Evaluating a Continuous Sonic Interaction: Comparing a Performable Acoustic and Digital Everyday Sound;SMC;Sandra;female;;;;;;;;;;;;;;;;;;;;;;;;;;;;;;;0.97;0.98;;;;;;;;;;;;;;;
['Joonas Tuovinen', ' Jamin Hu ', ' Vesa VaÃàlimaÃàki '];Joonas;male;Spain;2019;3;S2.2. ¬†Toward Automatic Tuning of the Piano;SMC;Jamin;male;Vesa;male;;;;;;;;;;;;;;;;;;;;;;;;;;;;;1.0;0.82;0.86;;;;;;;;;;;;;;
['Silvin Willemsen', ' Nikolaj Andersson', ' Stefania Serafin ', ' Stefan Bilbao '];Silvin;male;Spain;2019;4;S2.3. ¬†Real-time Control of Large-scale Modular Physical Models using the Sensel Morph;SMC;Nikolaj;male;Stefania;female;Stefan;male;;;;;;;;;;;;;;;;;;;;;;;;;;;0.82;0.99;0.99;0.98;;;;;;;;;;;;;
['Prithvi Kantan ', ' Sofia Dahl '];Prithvi;male;Spain;2019;2;S2.4. ¬†An Interactive Music Synthesizer for Gait Training in Neurorehabilitation;SMC;Sofia;female;;;;;;;;;;;;;;;;;;;;;;;;;;;;;;;0.94;0.98;;;;;;;;;;;;;;;
['Claudio Panariello', ' Mattias SkoÃàld', ' Emma Frid ', ' Roberto Bresin '];Claudio;male;Spain;2019;4;S2.5. ¬†From Vocal Sketching to Sound Models by Means of a Sound-Based Musical Transcription System;SMC;Mattias;male;Emma;female;Roberto;male;;;;;;;;;;;;;;;;;;;;;;;;;;;0.99;0.99;0.93;0.99;;;;;;;;;;;;;
['Olivier Lartillot ', ' Didier Grandjean '];Olivier;male;Spain;2019;2;S2.6. ¬†Tempo and Metrical Analysis by Tracking Multiple Metrical Levels Using Autocorrelation;SMC;Didier;male;;;;;;;;;;;;;;;;;;;;;;;;;;;;;;;0.99;0.99;;;;;;;;;;;;;;;
['Jerome Villeneuve ', ' James Leonard '];Jerome;male;Spain;2019;2;S3.2. ¬†Mass-Interaction Physical Models for Sound and Multi-Sensory Creation: Starting Anew;SMC;James;male;;;;;;;;;;;;;;;;;;;;;;;;;;;;;;;0.99;0.99;;;;;;;;;;;;;;;
['Anƒ±l CÃßamcƒ± '];Anƒ±l;male;Spain;2019;1;S3.3. ¬†Exploring the Effects of Diegetic and Non-diegetic Audiovisual Cues on Decision-making in Virtual Reality;SMC;;;;;;;;;;;;;;;;;;;;;;;;;;;;;;;;;0.0;;;;;;;;;;;;;;;;
['David Johnson', ' Daniela Damian ', ' George Tzanetakis '];David;male;Spain;2019;3;S3.4. ¬†OSC-XR: A Toolkit for Extended Reality Immersive Music Interfaces;SMC;Daniela;female;George;male;;;;;;;;;;;;;;;;;;;;;;;;;;;;;0.99;0.98;0.98;;;;;;;;;;;;;;
['Andrea Passalenti', ' Razvan Paisa', ' Niels Christian Nilsson', ' Nikolaj S. Andersson', ' Federico Fontana', ' Rolf Nordahl ', ' Stefania Serafin '];Andrea;male;Spain;2019;7;S3.5. ¬†No Strings Attached: Force and Vibrotactile Feedback in a Guitar Simulation;SMC;Razvan;male;Niels;male;Nikolaj;male;Federico;male;Rolf;male;Stefania;female;;;;;;;;;;;;;;;;;;;;;0.62;1.0;0.99;0.99;0.99;0.99;0.99;;;;;;;;;;
['Stephen Pearse', ' Leigh Landy', ' Duncan Chapman', ' David Holland ', ' Mihai Eni '];Stephen;male;Spain;2019;5;S4.2. ¬†Composing with Sounds: Designing an Object Oriented Daw for the Teaching of Sound-Based Composition;SMC;Leigh;male;Duncan;male;David;male;Mihai;male;;;;;;;;;;;;;;;;;;;;;;;;;0.99;0.5;0.99;0.99;0.96;;;;;;;;;;;;
['Gordan KrekovicÃÅ '];Gordan;male;Spain;2019;1;S4.3. ¬†Insights in Habits and Attitudes Regarding Programming Sound Synthesizers: A Quantitative Study;SMC;;;;;;;;;;;;;;;;;;;;;;;;;;;;;;;;;0.97;;;;;;;;;;;;;;;;
['Dmitri Kartofelev', ' Joann Arro ', ' Vesa VaÃàlimaÃàki '];Dmitri;male;Spain;2019;3;S5.1. ¬†Experimental Verification of Dispersive Wave Propagation on Guitar Strings;SMC;Joann;female;Vesa;male;;;;;;;;;;;;;;;;;;;;;;;;;;;;;1.0;0.83;0.86;;;;;;;;;;;;;;
['Eero-Pekka DamskaÃàgg', ' Lauri Juvela ', ' Vesa VaÃàlimaÃàki '];Eero-Pekka;male;Spain;2019;3;S5.2. ¬†Real-Time Modeling of Audio Distortion Circuits with Deep Learning;SMC;Lauri;male;Vesa;male;;;;;;;;;;;;;;;;;;;;;;;;;;;;;1.0;0.55;0.86;;;;;;;;;;;;;;
['James Leonard ', ' Jerome Villeneuve '];James;male;Spain;2019;2;S5.3. ¬†MI-GEN~: An Efficient and Accessible Mass-Interaction Sound Synthesis Toolbox;SMC;Jerome;male;;;;;;;;;;;;;;;;;;;;;;;;;;;;;;;0.99;0.99;;;;;;;;;;;;;;;
['Jennifer Hsu ', ' Tamara Smyth '];Jennifer;female;Spain;2019;2;S5.5. ¬†Percussion synthesis using loopback frequency modulation oscillators;SMC;Tamara;female;;;;;;;;;;;;;;;;;;;;;;;;;;;;;;;0.98;0.98;;;;;;;;;;;;;;;
['Akira Maezawa '];Akira;male;Spain;2019;1;S5.6. ¬†Deep Linear Autoregressive Model for Interpretable Prediction of Expressive Tempo;SMC;;;;;;;;;;;;;;;;;;;;;;;;;;;;;;;;;0.85;;;;;;;;;;;;;;;;
['Yucong Jiang', ' Fiona Ryan', ' David Cartledge ', ' Christopher Raphael '];Yucong;female;Spain;2019;4;S6.2. ¬†Offline Score Alignment for Realistic Music Practice;SMC;Fiona;female;David;male;Christopher;male;;;;;;;;;;;;;;;;;;;;;;;;;;;1.0;0.97;0.99;0.99;;;;;;;;;;;;;
['Yucong Jiang ', ' Christopher Raphael '];Yucong;female;Spain;2019;2;S6.3. ¬†Piano Score-Following by Tracking Note Evolution;SMC;Christopher;male;;;;;;;;;;;;;;;;;;;;;;;;;;;;;;;1.0;0.99;;;;;;;;;;;;;;;
['Kaede Noto', ' Yoshinari Takegawa ', ' Keiji Hirata '];Kaede;male;Spain;2019;3;S6.4. ¬†Adaptive Score-Following System by Integrating Gaze Information;SMC;Yoshinari;male;Keiji;male;;;;;;;;;;;;;;;;;;;;;;;;;;;;;0.65;0.99;0.99;;;;;;;;;;;;;;
['Beach Clark ', ' Claire Arthur '];Beach;male;Spain;2019;2;S6.5. ¬†Alternative Measures: A Musicologist Workbench for Popular Music;SMC;Claire;female;;;;;;;;;;;;;;;;;;;;;;;;;;;;;;;0.81;0.97;;;;;;;;;;;;;;;
['Hanna JaÃàrvelaÃàinen '];Hanna;female;Spain;2019;1;S7.2. ¬†Audiovisual perception of arousal, valence, and effort in contemporary cello performance;SMC;;;;;;;;;;;;;;;;;;;;;;;;;;;;;;;;;0.95;;;;;;;;;;;;;;;;
['Olof Misgeld', ' Andre Holzapfel ', ' Sven AhlbaÃàck '];Olof;male;Spain;2019;3;S7.3. ¬†Dancing dots - investigating the link between dancer and musician in Swedish Folk Dance;SMC;Andre;male;Sven;male;;;;;;;;;;;;;;;;;;;;;;;;;;;;;0.99;0.95;0.99;;;;;;;;;;;;;;
['Juliette Dubois', ' Anders Elowsson ', ' Anders Friberg'];Juliette;female;Spain;2019;3;S8.2. Predicting Perceived Dissonance of Piano Chords Using a Chord-Class Invariant CNN and Deep Layered Learning;SMC;Anders;male;Anders;male;;;;;;;;;;;;;;;;;;;;;;;;;;;;;0.97;0.99;0.99;;;;;;;;;;;;;;
['Vincent P. Martin', ' Sylvain Reynal', ' Dogac Basaran ', ' HeÃÅleÃÄne-Camille Crayencour '];Vincent;male;Spain;2019;4;S8.3. Belief Propagation algorithm for Automatic Chord Estimation;SMC;Sylvain;male;Dogac;male;HeÃÅleÃÄne-Camille;female;;;;;;;;;;;;;;;;;;;;;;;;;;;0.99;0.99;1.0;0.0;;;;;;;;;;;;;
['Changhong Wang', ' Emmanouil Benetos', ' Xiaojie Meng ', ' Elaine Chew.'];Changhong;female;Spain;2019;4;S8.4. HMM-Based Glissando Detection for Recordings of Chinese Bamboo Flute;SMC;Emmanouil;male;Xiaojie;None;Elaine;female;;;;;;;;;;;;;;;;;;;;;;;;;;;0.55;0.98;0.52;0.98;;;;;;;;;;;;;
['Christon-Ragavan Nadar', ' Jakob Abe√üer ', ' Sascha Grollmisch'];Christon-Ragavan;male;Spain;2019;3;S8.5. Towards CNN-based Acoustic Modeling of Seventh Chords for Automatic Chord Recognition;SMC;Jakob;male;Sascha;male;;;;;;;;;;;;;;;;;;;;;;;;;;;;;0.0;0.99;0.97;;;;;;;;;;;;;;
['Stefano Fasciani ', ' Manohar Vohra '];Stefano;male;Spain;2019;2;Towards a High-Performance Platform for Sonic Interaction Interfaces ;SMC;Manohar;male;;;;;;;;;;;;;;;;;;;;;;;;;;;;;;;0.99;0.98;;;;;;;;;;;;;;;
['Kin Wah Edward Lin', ' Tomoyasu Nakano ', ' Masataka Goto '];Kin;male;Spain;2019;3;VocalistMirror: A Singer Support Interface for Avoiding Undesirable Facial Expressions ;SMC;Tomoyasu;male;Masataka;male;;;;;;;;;;;;;;;;;;;;;;;;;;;;;0.78;1.0;1.0;;;;;;;;;;;;;;
['Rasmus Kj√¶rbo', ' Ramon Romeu', ' Marco Gonz√°lez P√©rez', ' Francisco Rosado Correia', ' Vatsal Guruvayurappan', ' Daniel Overholt ', ' Sofia Dahl'];Rasmus;male;Italy;2020;7;#100. Rhythm Rangers: An evaluation of beat synchronisation skills and musical confidence through multiplayer gamification influence;SMC;Ramon;male;Marco;male;Francisco;male;Vatsal;male;Daniel;male;Sofia;female;;;;;;;;;;;;;;;;;;;;;0.99;0.98;0.99;0.99;1.0;0.99;0.98;;;;;;;;;;
['Shin Kato', ' Tomohiro Ikeda', ' Mitsuaki Kawamorita', ' Manabu Tsukada ', ' Hiroshi Esaki'];Shin;male;Italy;2020;5;#102. Web360Square: An interactive web application for viewing 3D audio-visual contents;SMC;Tomohiro;male;Mitsuaki;male;Manabu;male;Hiroshi;male;;;;;;;;;;;;;;;;;;;;;;;;;0.75;1.0;1.0;1.0;0.99;;;;;;;;;;;;
['Federico Simonetta', ' Stavros Ntalampiras ', ' Federico Avanzini'];Federico;male;Italy;2020;3;#108. ASMD: An automatic framework for compiling multimodal datasets with audio and scores;SMC;Stavros;male;Federico;male;;;;;;;;;;;;;;;;;;;;;;;;;;;;;0.99;0.99;0.99;;;;;;;;;;;;;;
['Asterios Zacharakis', ' Stamatia Kalaitzidou', ' Maximos Kaliakatsos-Papakostas ', ' Emilios Cambouropoulos'];Asterios;male;Italy;2020;4;#109. Good artists copy, great artists steal: Strategies for creative exploitation of the CHAMELEON harmonisation assistant;SMC;Stamatia;female;Maximos;male;Emilios;male;;;;;;;;;;;;;;;;;;;;;;;;;;;0.99;0.99;0.96;0.99;;;;;;;;;;;;;
['Yuta Ogura', ' Hidefumi Ohmura', ' Yui Uehara', ' Satoshi Tojo ', ' Kouichi Katsurada'];Yuta;male;Italy;2020;5;#111. Expectation-based parsing for jazz chord sequences;SMC;Hidefumi;male;Yui;female;Satoshi;male;Kouichi;male;;;;;;;;;;;;;;;;;;;;;;;;;0.98;1.0;0.83;1.0;1.0;;;;;;;;;;;;
['Silvin Willemsen', ' Razvan Paisa ', ' Stefania Serafin'];Silvin;male;Italy;2020;3;#112. Resurrecting the tromba marina: A bowed virtual reality instrument using haptic feedback and accurate physical modelling;SMC;Razvan;male;Stefania;female;;;;;;;;;;;;;;;;;;;;;;;;;;;;;0.82;1.0;0.99;;;;;;;;;;;;;;
['Giovanni Santini'];Giovanni;male;Italy;2020;1;#113. Composition as an embodied act: A framework for the gesture-based creation of augmented reality action scores;SMC;;;;;;;;;;;;;;;;;;;;;;;;;;;;;;;;;0.99;;;;;;;;;;;;;;;;
['Alexandros Kontogeorgakopoulos ', ' Odysseas Klissouras'];Alexandros;male;Italy;2020;2;#115. 01101110 : An audiovisual installation based on the Cellular Automaton Rule 110;SMC;Odysseas;male;;;;;;;;;;;;;;;;;;;;;;;;;;;;;;;0.99;1.0;;;;;;;;;;;;;;;
['James Leonard ', ' Jerome Villeneuve'];James;male;Italy;2020;2;#116. Design and implementation of real-time physically-based virtual musical instruments: A balancing act;SMC;Jerome;male;;;;;;;;;;;;;;;;;;;;;;;;;;;;;;;0.99;0.99;;;;;;;;;;;;;;;
['Dmitri Kartofelev', ' Joann Gustav Arro ', ' Vesa V√§lim√§ki'];Dmitri;male;Italy;2020;3;#120. Insights into the string-barrier interaction dynamics based on high-speed camera measurements;SMC;Joann;female;Vesa;male;;;;;;;;;;;;;;;;;;;;;;;;;;;;;1.0;0.83;0.86;;;;;;;;;;;;;;
['Juan Alonso Moreno', ' Francesco Bigoni ', ' Georgios Palamas'];Juan;male;Italy;2020;3;#122. Latent birds: A bird's-eye view exploration of the latent space;SMC;Francesco;male;Georgios;male;;;;;;;;;;;;;;;;;;;;;;;;;;;;;0.98;0.99;0.99;;;;;;;;;;;;;;
['Eoin F. Callery ', ' Elliot K. Canfield-Dafilou'];Eoin;male;Italy;2020;2;#124. Methods for performing with feedback in virtual acoustics;SMC;Elliot;male;;;;;;;;;;;;;;;;;;;;;;;;;;;;;;;0.98;0.97;;;;;;;;;;;;;;;
['Guilherme Jun Yoshimura', ' Marcelo Queiroz', ' Hayd√©e Fiszbein Wertzner ', ' Danira Francisco'];Guilherme;male;Italy;2020;4;#130. Speech sound disorder classification based on time-aligned dissimilarity profiles;SMC;Marcelo;male;Hayd√©e;female;Danira;female;;;;;;;;;;;;;;;;;;;;;;;;;;;0.99;0.99;0.99;1.0;;;;;;;;;;;;;
['Rumi Hiraga ', ' Kjetil Falkenberg'];Rumi;female;Italy;2020;2;#132. Computer-based music training with hearing impairments: Lessons from an experiment;SMC;Kjetil;male;;;;;;;;;;;;;;;;;;;;;;;;;;;;;;;0.7;0.99;;;;;;;;;;;;;;;
['Leonardo Fierro ', ' Vesa V√§lim√§ki'];Leonardo;male;Italy;2020;2;#133. Towards objective evaluation of audio time-scale modification methods;SMC;Vesa;male;;;;;;;;;;;;;;;;;;;;;;;;;;;;;;;0.99;0.86;;;;;;;;;;;;;;;
['Charles Brazier ', ' Gerhard Widmer'];Charles;male;Italy;2020;2;#135. Towards reliable real-time opera tracking: Combining alignment with audio event detectors to increase robustness;SMC;Gerhard;male;;;;;;;;;;;;;;;;;;;;;;;;;;;;;;;0.99;0.99;;;;;;;;;;;;;;;
['Claude Cadoz'];Claude;male;Italy;2020;1;#136. GENESIS 4th generation / Nomadicity / Gesture emulation: Real-time CORDIS-ANIMA physical modeling and high performance force-feedback interaction within the H√©licanthe workstation;SMC;;;;;;;;;;;;;;;;;;;;;;;;;;;;;;;;;0.89;;;;;;;;;;;;;;;;
['Davor B. Vincze', ' Hrvoje Hir≈°l ', ' Jonathan S. Abel'];Davor;male;Italy;2020;3;#14. Strune ‚Äì An interactive audio-visual installation inspired by string theory;SMC;Hrvoje;male;Jonathan;male;;;;;;;;;;;;;;;;;;;;;;;;;;;;;0.99;1.0;0.99;;;;;;;;;;;;;;
['Yuri De Pra', ' Federico Fontana', ' Stefano Papetti ', ' Michele Simonato'];Yuri;male;Italy;2020;4;#141. A low-cost endless knob controller with programmable resistive force feedback for multimedia production;SMC;Federico;male;Stefano;male;Michele;male;;;;;;;;;;;;;;;;;;;;;;;;;;;0.76;0.99;0.99;0.86;;;;;;;;;;;;;
['Karolina Prawda', ' Stefania Serafin ', ' Vesa V√§lim√§ki'];Karolina;female;Italy;2020;3;#144. Evaluation of accurate artificial reverberation algorithm;SMC;Stefania;female;Vesa;male;;;;;;;;;;;;;;;;;;;;;;;;;;;;;0.98;0.99;0.86;;;;;;;;;;;;;;
['Karolina Prawda', ' Sebastian J. Schlecht ', ' Vesa V√§lim√§ki'];Karolina;female;Italy;2020;3;#145. Evaluation of reverberation time models with variable acoustics;SMC;Sebastian;male;Vesa;male;;;;;;;;;;;;;;;;;;;;;;;;;;;;;0.98;0.99;0.86;;;;;;;;;;;;;;
['Georgios Marentakis'];Georgios;male;Italy;2020;1;#147. Pictorize: Transforming image region luminosity to sound brightness for monitoring location;SMC;;;;;;;;;;;;;;;;;;;;;;;;;;;;;;;;;0.99;;;;;;;;;;;;;;;;
['Laurent Feisthauer', ' Louis Bigo', ' Mathieu Giraud ', ' Florence Lev√©'];Laurent;male;Italy;2020;4;#151. Estimating keys and modulations in musical pieces;SMC;Louis;male;Mathieu;male;Florence;female;;;;;;;;;;;;;;;;;;;;;;;;;;;0.99;0.97;0.99;0.98;;;;;;;;;;;;;
['Nicolas Figueiredo ', ' Marcelo Queiroz'];Nicolas;male;Italy;2020;2;#152. Detection of musically relevant regions in multiresolution time-frequency representations evaluated on piano recordings;SMC;Marcelo;male;;;;;;;;;;;;;;;;;;;;;;;;;;;;;;;0.99;0.99;;;;;;;;;;;;;;;
['Doga Cavdir'];Doga;female;Italy;2020;1;#155. Embedding electronics in additive manufacturing for digital musical instrument design;SMC;;;;;;;;;;;;;;;;;;;;;;;;;;;;;;;;;0.54;;;;;;;;;;;;;;;;
['Nolan Lem'];Nolan;male;Italy;2020;1;#157. Menagerie: exploring the audio-visual rhythms of violence through data, gun triggers, and swarms;SMC;;;;;;;;;;;;;;;;;;;;;;;;;;;;;;;;;0.98;;;;;;;;;;;;;;;;
['Olivier Lartillot', ' Carlos Cancino-Chac√≥n ', ' Charles Brazier'];Olivier;male;Italy;2020;3;#165. Real-time visualisation of fugue played by a string quartet;SMC;Carlos;male;Charles;male;;;;;;;;;;;;;;;;;;;;;;;;;;;;;0.99;0.99;0.99;;;;;;;;;;;;;;
['Georgios Varoutsos'];Georgios;male;Italy;2020;1;#166. Peace Wall Belfast: Spatial audio representation of Divided Spaces and soundwalks;SMC;;;;;;;;;;;;;;;;;;;;;;;;;;;;;;;;;0.99;;;;;;;;;;;;;;;;
['Marco Tiraboschi', ' Federico Avanzini ', ' Stavros Ntalampiras'];Marco;male;Italy;2020;3;#167. Spectral analysis for modal parameters linear estimate;SMC;Federico;male;Stavros;male;;;;;;;;;;;;;;;;;;;;;;;;;;;;;0.99;0.99;0.99;;;;;;;;;;;;;;
['Yudong Zhao', ' Gy√∂rgy Fazekas ', ' Mark Sandler'];Yudong;male;Italy;2020;3;#168. Identifying master violinists using note-level audio features;SMC;Gy√∂rgy;male;Mark;male;;;;;;;;;;;;;;;;;;;;;;;;;;;;;0.9;0.98;0.99;;;;;;;;;;;;;;
['Matteo Amadio ', ' Alberto Novello'];Matteo;male;Italy;2020;2;#169. Digitally enhanced drums: An approach to rhythmic improvisation;SMC;Alberto;male;;;;;;;;;;;;;;;;;;;;;;;;;;;;;;;0.99;0.99;;;;;;;;;;;;;;;
['Simon Borst Tyroll', ' Daniel Overholt ', ' Georgios Palamas'];Simon;male;Italy;2020;3;#170. AVAI: A tool for expressive music visualization based on autoencoders and constant Q transformation;SMC;Daniel;male;Georgios;male;;;;;;;;;;;;;;;;;;;;;;;;;;;;;0.98;0.99;0.99;;;;;;;;;;;;;;
['Daniele Ghisi ', ' Andrea Agostini'];Daniele;male;Italy;2020;2;#171. A compendium of bach's shortcomings as it turns ten (along with a few ideas on how to overcome them);SMC;Andrea;male;;;;;;;;;;;;;;;;;;;;;;;;;;;;;;;0.95;0.62;;;;;;;;;;;;;;;
['Matteo Marson ', ' Andrea Agostini'];Matteo;male;Italy;2020;2;#173. ET systems: A high-level approach to additive synthesis control;SMC;Andrea;male;;;;;;;;;;;;;;;;;;;;;;;;;;;;;;;0.99;0.62;;;;;;;;;;;;;;;
['Adrian B. Latupeirissa', ' Claudio Panariello ', ' Roberto Bresin'];Adrian;male;Italy;2020;3;#174. Exploring emotion perception in sonic HRI;SMC;Claudio;male;Roberto;male;;;;;;;;;;;;;;;;;;;;;;;;;;;;;0.99;0.99;0.99;;;;;;;;;;;;;;
['Laura Bishop ', ' Alexander Refsum Jensenius'];Laura;female;Italy;2020;2;#181. Reliability of two IR motion capture systems in a music performance setting;SMC;Alexander;male;;;;;;;;;;;;;;;;;;;;;;;;;;;;;;;0.98;0.99;;;;;;;;;;;;;;;
['Luca Marinelli', ' Athanasios Lykartsis', ' Charalampos Saitis ', ' Stefan Weinzierl'];Luca;male;Italy;2020;4;#186. Musical dynamics classification with CNN and modulation spectra;SMC;Athanasios;male;Charalampos;male;Stefan;male;;;;;;;;;;;;;;;;;;;;;;;;;;;0.96;0.99;0.99;0.98;;;;;;;;;;;;;
['Beate Ruth Kutschke ', ' Tobias Bachmann'];Beate;female;Italy;2020;2;#189. Historiography of the form of symbolic music through a computer-assisted analysis;SMC;Tobias;male;;;;;;;;;;;;;;;;;;;;;;;;;;;;;;;0.98;1.0;;;;;;;;;;;;;;;
['Niccol√≤ Pretto', ' Alessandro Russo', ' Federica Bressan', ' Valentina Burini', ' Antonio Rod√† ', ' Sergio Canazza'];Niccol√≤;male;Italy;2020;6;#209. Active preservation of analogue audio documents: A summary of the last seven years of digitization at CSC;SMC;Alessandro;male;Federica;female;Valentina;female;Antonio;male;Sergio;male;;;;;;;;;;;;;;;;;;;;;;;0.99;0.99;0.99;0.99;0.99;0.99;;;;;;;;;;;
['Minz Won', ' Andres Ferraro', ' Dmitry Bogdanov ', ' Xavier\xa0Serra'];Minz;male;Italy;2020;4;#210. Evaluation of CNN-based automatic music tagging models;SMC;Andres;male;Dmitry;male;Xavier;male;;;;;;;;;;;;;;;;;;;;;;;;;;;0.72;0.98;1.0;0.99;;;;;;;;;;;;;
['Oliver Bown', ' Angelo Fraietta', ' Sam Ferguson ', ' Deborah Turnbull Tillman'];Oliver;male;Italy;2020;4;#218. Rapid composition for a multi-device networked music platform;SMC;Angelo;male;Sam;male;Deborah;female;;;;;;;;;;;;;;;;;;;;;;;;;;;0.99;0.98;0.81;0.99;;;;;;;;;;;;;
['Argan Verrier', ' Vincent Goudard', ' Elim Hong ', ' Hugues Genevois'];Argan;male;Italy;2020;4;#220. Interactive software for the sonification of neuronal activity;SMC;Vincent;male;Elim;female;Hugues;male;;;;;;;;;;;;;;;;;;;;;;;;;;;0.87;0.99;0.6;0.98;;;;;;;;;;;;;
['Jonathan Bell'];Jonathan;male;Italy;2020;1;#222. Improvements in bach 0.8.1, a user's perspective;SMC;;;;;;;;;;;;;;;;;;;;;;;;;;;;;;;;;0.99;;;;;;;;;;;;;;;;
['Alexander Car√¥t', ' Mischa Dohler', ' Simon Saunders', ' Frank Sardis', ' Richard Cornock ', ' Navdeep Uniyal'];Alexander;male;Italy;2020;6;#230. The world's first interactive 5G music concert: Professional quality networked music over a commodity network infrastructure;SMC;Mischa;male;Simon;male;Frank;male;Richard;male;Navdeep;male;;;;;;;;;;;;;;;;;;;;;;;0.99;0.74;0.98;0.99;0.99;0.92;;;;;;;;;;;
['Davide Andrea Mauro', ' Federico Avanzini', ' Adriano Barat√®', ' Luca Andrea Ludovico', ' Stavros Ntalampiras', ' Smilen Dimitrov ', ' Stefania Serafin'];Davide;male;Italy;2020;7;#40. Sixteen years of Sound and Music Computing: A look into the history and trends of the Conference and Community;SMC;Federico;male;Adriano;male;Luca;male;Stavros;male;Smilen;male;Stefania;female;;;;;;;;;;;;;;;;;;;;;0.99;0.99;0.99;0.96;0.99;1.0;0.99;;;;;;;;;;
['Roberto Bresin', ' Sandra Pauletto', ' Jarmo Laaksolahti ', ' Erik Gandini'];Roberto;male;Italy;2020;4;#43. Looking for the soundscape of the future: preliminary results applying the design fiction method;SMC;Sandra;female;Jarmo;male;Erik;male;;;;;;;;;;;;;;;;;;;;;;;;;;;0.99;0.98;0.99;0.99;;;;;;;;;;;;;
['Silvin Willemsen', ' Anca-Simona Horvath ', ' Mauro Nascimben'];Silvin;male;Italy;2020;3;#44. DigiDrum - A haptic-based virtual reality musical instrument and a case study;SMC;Anca-Simona;female;Mauro;male;;;;;;;;;;;;;;;;;;;;;;;;;;;;;0.82;1.0;0.99;;;;;;;;;;;;;;
['Daniel Mayer'];Daniel;male;Italy;2020;1;#53. Fb1 ‚Äì An interface for single sample feedback and feedforward in SuperCollider;SMC;;;;;;;;;;;;;;;;;;;;;;;;;;;;;;;;;0.99;;;;;;;;;;;;;;;;
['Hans Lindetorp ', ' Kjetil Falkenberg'];Hans;male;Italy;2020;2;#54. WebAudioXML: Proposing a new standard for structuring web audio;SMC;Kjetil;male;;;;;;;;;;;;;;;;;;;;;;;;;;;;;;;0.97;0.99;;;;;;;;;;;;;;;
['Nicolas Castagn√© ', ' Annie Luciani'];Nicolas;male;Italy;2020;2;#55. The Physics Network Scripting Language to design masses-interactions physical models for arts;SMC;Annie;female;;;;;;;;;;;;;;;;;;;;;;;;;;;;;;;0.99;0.98;;;;;;;;;;;;;;;
['Emma Frid ', ' Hans Lindetorp'];Emma;female;Italy;2020;2;#57. Haptic music - Exploring whole-body vibrations and tactile sound for a multisensory music installation;SMC;Hans;male;;;;;;;;;;;;;;;;;;;;;;;;;;;;;;;0.93;0.97;;;;;;;;;;;;;;;
['Giacomo Lepri'];Giacomo;male;Italy;2020;1;#59. Sonification as negotiation - Learning from translation studies;SMC;;;;;;;;;;;;;;;;;;;;;;;;;;;;;;;;;0.99;;;;;;;;;;;;;;;;
['Giovanni Capizzi', ' Davide Rocchesso ', ' Stefano Baldan'];Giovanni;male;Italy;2020;3;#60. Streams as Seams: Carving trajectories out of the time-frequency matrix;SMC;Davide;male;Stefano;male;;;;;;;;;;;;;;;;;;;;;;;;;;;;;0.99;0.99;0.99;;;;;;;;;;;;;;
['Rares Stefan Alecu', ' Stefania Serafin', ' Silvin Willemsen', ' Emanuele Parravicini ', ' Stefano Lucato'];Rares;male;Italy;2020;5;#63. Embouchure interaction model for brass instruments;SMC;Stefania;female;Silvin;male;Emanuele;male;Stefano;male;;;;;;;;;;;;;;;;;;;;;;;;;0.98;0.99;0.82;0.99;0.99;;;;;;;;;;;;
['√áagri Erdem', ' Qichao Lan', ' Julian Fuhrer', ' Charles Martin', ' Jim T√∏rresen ', ' Alexander Refsum Jensenius'];√áagri;male;Italy;2020;6;#67. Towards playing in the 'air': Modeling motion-sound energy relationships in electric guitar performance using deep neural networks;SMC;Qichao;male;Julian;male;Charles;male;Jim;male;Alexander;male;;;;;;;;;;;;;;;;;;;;;;;0.0;0.88;0.98;0.99;0.98;0.99;;;;;;;;;;;
['Romain Michon', ' Daniel Overholt', ' St√©phane Letz', ' Yann Orlarey', ' Dominique Fober ', ' Catinca Dumitrascu'];Romain;male;Italy;2020;6;#74. A Faust architecture for the ESP32 microcontroller;SMC;Daniel;male;St√©phane;male;Yann;male;Dominique;male;Catinca;female;;;;;;;;;;;;;;;;;;;;;;;0.99;0.99;0.99;0.98;0.57;0.92;;;;;;;;;;;
['Masatoshi Hamanaka', ' Yui Isono', ' Keiji Hirata ', ' Satoshi Tojo'];Masatoshi;male;Italy;2020;4;#75. Web-based time-span tree editor and analysis database;SMC;Yui;female;Keiji;male;Satoshi;male;;;;;;;;;;;;;;;;;;;;;;;;;;;1.0;0.83;0.99;1.0;;;;;;;;;;;;;
['Adri√°n Barahona-R√≠os ', ' Sandra Pauletto'];Adri√°n;male;Italy;2020;2;#83. Synthesising knocking sound effects using conditional WaveGAN;SMC;Sandra;female;;;;;;;;;;;;;;;;;;;;;;;;;;;;;;;0.0;0.98;;;;;;;;;;;;;;;
['Tsubasa Tanaka'];Tsubasa;male;Italy;2020;1;"#86. Motif set assignment problem in the compositional process of ""Musical Rally""";SMC;;;;;;;;;;;;;;;;;;;;;;;;;;;;;;;;;0.9;;;;;;;;;;;;;;;;
['Hiroyuki Yamamoto', ' Yui Uehara ', ' Satoshi Tojo'];Hiroyuki;male;Italy;2020;3;#87. Jazz harmony analysis with epsilon-transition and cadential shortcut;SMC;Yui;female;Satoshi;male;;;;;;;;;;;;;;;;;;;;;;;;;;;;;1.0;0.83;1.0;;;;;;;;;;;;;;
['Sven-Amin Lembke'];Sven-Amin;male;Italy;2020;1;#93. Matching uni-directional auditory gestures to visual trajectories of varying curvature;SMC;;;;;;;;;;;;;;;;;;;;;;;;;;;;;;;;;0.0;;;;;;;;;;;;;;;;
['Malcolm Houel', ' Abhilash Arun', ' Alfred Berg', ' Alessandro Iop', ' Adri√°n Barahona-R√≠os ', ' Sandra Pauletto'];Malcolm;male;Italy;2020;6;#95. Perception of emotions in knocking sounds: An evaluation study;SMC;Abhilash;male;Alfred;male;Alessandro;male;Adri√°n;male;Sandra;female;;;;;;;;;;;;;;;;;;;;;;;0.99;1.0;0.98;0.99;0.0;0.98;;;;;;;;;;;
['Silvin Willemsen', ' Stefania Serafin', ' Stefan Bilbao ', ' Michele Ducceschi'];Silvin;male;Italy;2020;4;#97. Real-time implementation of a physical model of the tromba marina;SMC;Stefania;female;Stefan;male;Michele;male;;;;;;;;;;;;;;;;;;;;;;;;;;;0.82;0.99;0.98;0.86;;;;;;;;;;;;;
['Marius George Onofrei', ' Riccardo Miccini', ' Runar Unnthorsson', ' Stefania Serafin ', ' Simone Spagnol'];Marius;male;Italy;2020;5;#99. 3D ear shape as an estimator of HRTF notch frequency;SMC;Riccardo;male;Runar;male;Stefania;female;Simone;male;;;;;;;;;;;;;;;;;;;;;;;;;0.99;0.99;1.0;0.99;0.75;;;;;;;;;;;;