Nicola,female,0.71,Input Devices for Musical Expression : Borrowing Tools from HCI,"[u'Orio, Nicola', u'Schnell, Norbert', u'Wanderley, Marcelo M.']"
Ari,male,0.76,Tangible Music Interfaces Using Passive Magnetic Tags,"[u'Paradiso, Joseph A.', u'Hsiao, Kai-yuh', u'Benbasat, Ari']"
Sidney,male,0.76,Tooka: Explorations of Two Person Instruments,"[u'Fels, Sidney S.', u'Vogt, Florian']"
Sidney,male,0.76,MetaMuse: Metaphors for Expressive Instruments,"[u'Gadd, Ashley', u'Fels, Sidney S.']"
Sidney,male,0.76,Playing on Heart-Strings: Experiences with the 2{H}earts System,"[u'Mccaig, Graeme', u'Fels, Sidney S.']"
Sidney,male,0.76,Tongue `n' Groove: An Ultrasound based Music Controller,"[u'Vogt, Florian', u'Mccaig, Graeme', u'Ali, Mir A.', u'Fels, Sidney S.']"
Carr,male,0.75,The Mutha Rubboard Controller,"[u'Wilkerson, Carr', u'Serafin, Stefania', u'Ng, Carmen']"
Jordan,male,0.77,sutoolz 1.0 alpha : {3D} Software Music Interface,"[u'Wynnychuk, Jordan', u'Porcher, Richard', u'Brajovic, Lucas', u'Brajovic, Marko', u'Platas, Nacho']"
Sidney,male,0.76,Contexts of Collaborative Musical Experiences,"[u'Blaine, Tina', u'Fels, Sidney S.']"
Sidney,male,0.76,Real-time Adaptive Control of Modal Synthesis,"[u'Hoskinson, Reynald', u'van den Doel, Kees', u'Fels, Sidney S.']"
Nicola,female,0.71,Score Following: State of the Art and New Developments,"[u'Orio, Nicola', u'Lemouton, Serge', u'Schwarz, Diemo']"
Arshia,female,0.6,TOASTER and KROONDE: High-Resolution and High- Speed Real-time Sensor Interfaces,"[u'Coduys, Thierry', u'Henry, Cyrille', u'Cont, Arshia']"
Arshia,female,0.6,Real-time Gesture Mapping in Pd Environment using Neural Networks,"[u'Cont, Arshia', u'Coduys, Thierry', u'Henry, Cyrille']"
Sidney,male,0.76,Evolving Tooka: from Experiment to Instrument,"[u'Fels, Sidney S.', u'Kaastra, Linda', u'Takahashi, Sachiyo', u'Mccaig, Graeme']"
Rumi,female,0.57,Rencon 2004: Turing Test for Musical Expression,"[u'Hiraga, Rumi', u'Bresin, Roberto', u'Hirata, Keiji', u'Katayose, Haruhiro']"
Ariel,male,0.66,The Electronic Sitar Controller,"[u'Kapur, Ajay', u'Lazier, Ariel J.', u'Davidson, Philip L.', u'Wilson, Scott', u'Cook, Perry R.']"
Jan,male,0.6,You're The Conductor: A Realistic Interactive Conducting System for Children,"[u'Lee, Eric', u'Nakra, Teresa M.', u'Borchers, Jan']"
Ge,male,0.61,On-the-fly Programming: Using Code as an Expressive Musical Instrument,"[u'Wang, Ge', u'Cook, Perry R.']"
Jamie,male,0.53,boomBox,"[u'Allen, Jamie']"
Jan,male,0.6,Bangarama: Creating Music With Headbanging,"[u'Bardos, Laszlo', u'Korinek, Stefan', u'Lee, Eric', u'Borchers, Jan']"
RÃ©my,male,0.73,MnM: a Max/MSP mapping toolbox,"[u""Bevilacqua, Fr\\'{e}d\\'{e}ric"", u'M\\""{u}ller, R\\\'{e}my', u'Schnell, Norbert']"
Jie,female,0.69,ESP: A Driving Interface for Expression Synthesis,"[u'Chew, Elaine', u'Francois, Alexander R.', u'Liu, Jie', u'Yang, Aaron']"
Sidney,male,0.76,Echology,"[u'Deutscher, Meghan', u'Fels, Sidney S.', u'Hoskinson, Reynald', u'Takahashi, Sachiyo']"
Jan,male,0.6,The Role of Time in Engineering Computer Music Systems,"[u'Lee, Eric', u'Borchers, Jan']"
Aki,male,0.63,Experiments with Virtual Reality Instruments,"[u'M\\""{a}ki-patola, Teemu', u'Laitinen, Juha', u'Kanerva, Aki', u'Takala, Tapio']"
Doria,female,0.75,Swayway - Midi Chimes,"[u'Melo, Mauricio', u'Fan, Doria']"
Ge,male,0.61,"Yeah, ChucK It! = > Dynamic , Controllable Interface Mapping","[u'Wang, Ge', u'Cook, Perry R.']"
Jan,male,0.6,REMUPP -- An Interactive Tool for Investigating Musical Properties and Relations,"[u'Wingstedt, Johnny', u'Liljedahl, Mats', u'Lindberg, Stefan', u'Berg, Jan']"
Sam,male,0.76,Hyper-shaku (Border-crossing): Towards the Multi-modal Gesture-controlled Hyper-Instrument,"[u'Beilharz, Kirsty', u'Jakovich, Joanne', u'Ferguson, Sam']"
Jan,male,0.6,MICON A Music Stand for Interactive Conducting,"[u'Borchers, Jan', u'Hadjakos, Aristotelis', u'M\\""{u}hlh\\""{a}user, Max']"
Sam,male,0.76,Learning Musical Instrument Skills Through Interactive Sonification,"[u'Ferguson, Sam']"
Rimas,male,0.75,Beyond 0-5{V}: Expanding Sensor Integration Architectures,"[u'Freed, Adrian', u'Avizienis, Rimas', u'Wright, Matthew']"
Jan,male,0.6,conga: A Framework for Adaptive Conducting Gesture Analysis,"[u'Lee, Eric', u'Gr\\""{u}ll, Ingo', u'Keil, Henning', u'Borchers, Jan']"
Aki,male,0.63,The Augmented Djembe Drum - Sculpting Rhythms,"[u'Maki-Patola, Teemu', u'H\\""{a}m\\""{a}l\\""{a}inen, Perttu', u'Kanerva, Aki']"
Yu,female,0.53,TENORI-ON,"[u'Nishibori, Yu', u'Iwai, Toshio']"
Sidney,male,0.76,"GRASSP: Gesturally-Realized Audio, Speech and Song Performance","[u'Pritchard, Bob', u'Fels, Sidney S.']"
Ge,male,0.61,Building Collaborative Graphical interFaces in the Audicle,"[u'Wang, Ge', u'Misra, Ananya', u'Cook, Perry R.']"
Simone,female,0.55,Developing Multimodal Interactive Systems with EyesWeb XMI,"[u'Camurri, Antonio', u'Coletta, Paolo', u'Varni, Giovanna', u'Ghisio, Simone']"
Ge,male,0.61,Don't Forget the Laptop : Using Native Input Capabilities for Expressive Musical Control,"[u'Fiebrink, Rebecca', u'Wang, Ge', u'Cook, Perry R.']"
Chang,male,0.63,Project Scriabin v.3,"[u'Han, Chang Min']"
Juno,male,0.67,Oculog : Playing with Eye Movements,"[u'Kim, Juno', u'Schiemer, Greg', u'Narushima, Terumi']"
Jan,male,0.6,Towards Rhythmic Analysis of Human Motion Using Acceleration-Onset Times,"[u'Lee, Eric', u'Enke, Urs', u'Borchers, Jan', u'de Jong, Leo']"
Jan,male,0.6,REXband : A Multi-User Interactive Exhibit for Exploring Medieval Music,"[u'Lee, Eric', u'Wolf, Marius', u'Jansen, Yvonne', u'Borchers, Jan']"
Jan,male,0.6,Gesture Control of Sounds in {3D} Space,"[u'Schacher, Jan C.']"
Bernie,male,0.75,Wireless Inertial Sensor Package (WISP),"[u'Till, Bernie C.', u'Benning, Manjinder S.', u'Livingston, Nigel']"
Rimas,male,0.75,A Force Sensitive Multi-Touch Array Supporting Multiple {2-D} Musical Control Structures,"[u'Wessel, David', u'Avizienis, Rimas', u'Freed, Adrian', u'Wright, Matthew']"
Jan,male,0.6,The Musical Synchrotron : Using Wireless Motion Sensors to Study How Social Interaction Affects Synchronization with Musical Tempo,"[u'Demey, Michiel', u'Leman, Marc', u'Bossuyt, Frederick', u'Vanfleteren, Jan']"
Paris,female,0.61,Gluisax : Bent Leather Band{\textquoteright}s Augmented Saxophone Project,"[u'Favilla, Stuart', u'Cannon, Joanne', u'Hicks, Tony', u'Chant, Dale', u'Favilla, Paris']"
Kouki,female,0.5,MusicGlove : A Wearable Musical Controller for Massive Media Library,"[u'Hayafuchi, Kouki', u'Suzuki, Kenji']"
Jan,male,0.6,The HOP Sensor : Wireless Motion Sensor,"[u'Kuyken, Bart', u'Verstichel, Wouter', u'Bossuyt, Frederick', u'Vanfleteren, Jan', u'Demey, Michiel', u'Leman, Marc']"
Mika,male,0.51,Towards Idiomatic and Flexible Score-based Gestural Control with a Scripting Language,"[u'Laurson, Mikael', u'Kuuskankare, Mika']"
Robin,female,0.59,Database and Mapping Design for Audiovisual Prepared Radio Set Installation,"[u'Price, Robin', u'Rebelo, Pedro']"
Jan,male,0.6,"Davos Soundscape, a Location Based Interactive Composition","[u'Schacher, Jan C.']"
Andrea,female,0.79,"GeoGraphy : a Real-Time, Graph-Based Composition Environment","[u'Valle, Andrea']"
Andrea,female,0.79,Integrated Algorithmic Composition Fluid systems for including notation in music composition cycle,"[u'Valle, Andrea']"
Andrea,female,0.79,The Drummer : a Collaborative Musical Interface with Mobility,"[u'Bianchi, Andrea', u'Yeo, Woon Seung']"
Jamie,male,0.53,Towards a Humane Graphical User Interface for Live Electronic Music,"[u'Bullock, Jamie', u'Coccioli, Lamberto']"
Sidney,male,0.76,ForTouch : A Wearable Digital Ventriloquized Actor,"[u'Fels, Sidney S.', u'Pritchard, Bob', u'Lenters, Allison']"
Sam,male,0.76,An Interface for Live Interactive Sonification,"[u'Ferguson, Sam', u'Beilharz, Kirsty']"
Lee,male,0.75,The Argus Project : Underwater Soundscape Composition with Laser- Controlled Modulation,"[u'Kirk, Jonathon', u'Weisert, Lee']"
Hye,female,0.75,SORISU : Sound with Numbers,"[u'Min, Hye Ki']"
Yuri,female,0.52,The UBS Virtual Maestro : an Interactive Conducting System,"[u'Nakra, Teresa M.', u'Ivanov, Yuri', u'Smaragdis, Paris', u'Ault, Chris']"
Paris,female,0.61,The UBS Virtual Maestro : an Interactive Conducting System,"[u'Nakra, Teresa M.', u'Ivanov, Yuri', u'Smaragdis, Paris', u'Ault, Chris']"
Karon,female,0.79,Evaluation of {3D} Haptic Target Rendering to Support Timing in Music Tasks,"[u'Pedrosa, Ricardo', u'Maclean, Karon E.']"
Jan,male,0.6,Action and Perception in Interactive Sound Installations : An Ecological Approach,"[u'Schacher, Jan C.']"
Ge,male,0.61,Designing Smule{\textquoteright}s Ocarina : The iPhone{\textquoteright}s Magic Flute,"[u'Wang, Ge']"
Ge,male,0.61,PLOrk Beat Science 2.0,"[u'Wang, Ge', u'Fiebrink, Rebecca']"
Ge,male,0.61,MoMu : A Mobile Music Toolkit,"[u'Bryan, Nicholas J.', u'Herrera, Jorge', u'Oh, Jieun', u'Wang, Ge']"
Robin,female,0.59,"Interactional Sound and Music : Listening to CSCW, Sonification, and Sound Art","[u'Bryan-Kinns, Nick', u'Fencott, Robin', u'Metatla, Oussama', u'Nabavian, Shahin', u'Sheridan, Jennifer G.']"
Shahin,male,0.76,"Interactional Sound and Music : Listening to CSCW, Sonification, and Sound Art","[u'Bryan-Kinns, Nick', u'Fencott, Robin', u'Metatla, Oussama', u'Nabavian, Shahin', u'Sheridan, Jennifer G.']"
Alexis,male,0.52,scoreLight : Playing with a Human-Sized Laser Pick-Up,"[u'Cassinelli, Alavaro', u'Kuribara, Yusaku', u'Zerroug, Alexis', u'Ishikawa, Masatoshi', u'Manabe, Daito']"
Ge,male,0.61,LUSH : An Organic Eco + Music System,"[u'Choi, Hongchan', u'Wang, Ge']"
Ge,male,0.61,Sound Bounce : Physical Metaphors in Designing Mobile Music Performance,"[u'Dahl, Luke', u'Wang, Ge']"
Robin,female,0.59,"Hey Man, You're Invading my Personal Space ! Privacy and Awareness in Collaborative Music","[u'Fencott, Robin', u'Bryan-Kinns, Nick']"
Sam,male,0.76,Movement in a Contemporary Dance Work and its Relation to Continuous Emotional Response,"[u'Ferguson, Sam', u'Schubert, Emery', u'Stevens, Catherine']"
Tan,male,0.71,A Left Hand Gesture Caption System for Guitar Based on Capacitive Sensors,"[u'Guaus, Enric', u'Ozaslan, Tan', u'Palacios, Eric', u'Arcos, Josep L.']"
Jordan,male,0.77,Multimodal Musician Recognition,"[u'Hochenbaum, Jordan', u'Kapur, Ajay', u'Wright, Matthew']"
Jordan,male,0.77,Designing Expressive Musical Interfaces for Tabletop Surfaces,"[u'Hochenbaum, Jordan', u'Vallis, Owen', u'Diakopoulos, Dimitri', u'Murphy, Jim', u'Kapur, Ajay']"
Harri,male,0.78,Associating Emoticons with Musical Genres,"[u'Holm, Jukka', u'Holm, Harri', u'Sepp\\""{a}nen, Jarno']"
Kris,male,0.61,ImprovGenerator : Online Grammatical Induction for On-the-Fly Improvisation Accompaniment,"[u'Kitani, Kris M.', u'Koike, Hideki']"
Sam,male,0.76,Mechanisms for Controlling Complex Sound Sources : Applications to Guitar Feedback Control,"[u'Martin, Aengus', u'Ferguson, Sam', u'Beilharz, Kirsty']"
Youngmoo,female,0.5,Augmenting the Acoustic Piano with Electromagnetic String Actuation and Continuous Key Position Sensing,"[u'McPherson, Andrew', u'Kim, Youngmoo']"
Ge,male,0.61,Evolving The Mobile Phone Orchestra,"[u'Oh, Jieun', u'Herrera, Jorge', u'Bryan, Nicholas J.', u'Dahl, Luke', u'Wang, Ge']"
Ye,female,0.58,A Robot Musician Interacting with a Human Partner through Initiative Exchange,"[u'Pan, Ye', u'Kim, Min-Gyu', u'Suzuki, Kenji']"
Jan,male,0.6,Motion To Gesture To Sound : Mapping For Interactive Dance,"[u'Schacher, Jan C.']"
Jordan,male,0.77,A Shift Towards Iterative and Open-Source Design for Musical Interfaces,"[u'Vallis, Owen', u'Hochenbaum, Jordan', u'Kapur, Ajay']"
Nguyen,male,0.56,Instrumentalizing Synthesis Models,"[u'Wyse, Lonce', u'Duy, Nguyen D.']"
Andrea,female,0.79,OSC Virtual Controller,"[u'Zappi, Victor', u'Brogni, Andrea', u'Caldwell, Darwin']"
Sertan,male,0.67,"Beatscape , a Mixed Virtual-Physical Environment for Musical Ensembles","[u'Albin, Aaron', u'Sent\\""{u}rk, Sertan', u'{Van Troyer}, Akito', u'Blosser, Brian', u'Jan, Oliver', u'Weinberg, Gil']"
Akito,male,0.67,"Beatscape , a Mixed Virtual-Physical Environment for Musical Ensembles","[u'Albin, Aaron', u'Sent\\""{u}rk, Sertan', u'{Van Troyer}, Akito', u'Blosser, Brian', u'Jan, Oliver', u'Weinberg, Gil']"
Jan,male,0.6,Flowspace -- A Hybrid Ecosystem,"[u'Bisig, Daniel', u'Schacher, Jan C.', u'Neukom, Martin']"
Ge,male,0.61,Two Turntables and a Mobile Phone,"[u'Bryan, Nicholas J.', u'Wang, Ge']"
Jamie,male,0.53,Integra Live : a New Graphical User Interface for Live Electronic Music,"[u'Bullock, Jamie', u'Beattie, Daniel', u'Turner, Jerome']"
Eli,male,0.52,The Sound Flinger : A Haptic Spatializer,"[u'Carlson, Chris', u'Marschner, Eli', u'Mccurry, Hunter']"
Carr,male,0.75,TweetDreams : Making Music with the Audience and the World using Real-time Twitter Data,"[u'Dahl, Luke', u'Herrera, Jorge', u'Wilkerson, Carr']"
Jan,male,0.6,Gliss : An Intuitive Sequencer for the iPhone and iPad,"[u'von Falkenstein, Jan T.']"
Jordan,male,0.77,Adding Z-Depth and Pressure Expressivity to Tangible Tabletop Surfaces,"[u'Hochenbaum, Jordan', u'Kapur, Ajay']"
Jordan,male,0.77,The KarmetiK NotomotoN : A New Breed of Musical Robot for Teaching and Performance,"[u'Kapur, Ajay', u'Darling, Michael', u'Murphy, Jim', u'Hochenbaum, Jordan', u'Diakopoulos, Dimitri', u'Trimpin, Trimpin']"
Tae,male,0.57,Polyhymnia : An Automatic Piano Performance System with Statistical Modeling of Polyphonic Expression and Musical Symbol Interpretation,"[u'Kim, Tae Hun', u'Fukayama, Satoru', u'Nishimoto, Takuya', u'Sagayama, Shigeki']"
Ge,male,0.61,MadPad : A Crowdsourcing System for Audiovisual Sampling,"[u'Kruge, Nick', u'Wang, Ge']"
Robin,female,0.59,Hex Player --- A Virtual Musical Controller,"[u'Milne, Andrew J.', u""Xamb\\'{o}, Anna"", u'Laney, Robin', u'Sharp, David B.', u'Prechtl, Anthony', u'Holland, Simon']"
Jan,male,0.6,"Traces -- Body, Motion and Sound","[u'Schacher, Jan C.', u'Stoecklin, Angela']"
Phoenix,female,0.67,Wekinating 000000{S}wan : Using Machine Learning to Create and Control Complex Artistic Systems,"[u'Schedel, Margaret', u'Perry, Phoenix', u'Fiebrink, Rebecca']"
Ge,male,0.61,Designing for the iPad : Magic Fiddle,"[u'Wang, Ge', u'Oh, Jieun', u'Lieber, Tom']"
Sidney,male,0.76,SQUEEZY : Extending a Multi-touch Screen with Force Sensing Objects for Controlling Articulatory Synthesis,"[u'Wang, Johnty', u""d'Alessandro, Nicolas"", u'Fels, Sidney S.', u'Pritchard, Bob']"
Andrea,female,0.79,Design and Evaluation of a Hybrid Reality Performance,"[u'Zappi, Victor', u'Mazzanti, Dario', u'Brogni, Andrea', u'Caldwell, Darwin']"
Sidney,male,0.76,A Digital Mobile Choir: Joining Two Interfaces towards Composing and Performing Collaborative Mobile Music,"[u""Nicolas d'Alessandro"", u'Aura Pon', u'Johnty Wang', u'David Eagle', u'Ehud Sharlin', u'Sidney Fels']"
Sertan,male,0.67,"Crossole: A Gestural Interface for Composition, Improvisation and Performance using Kinect","[u'Sertan {\\c S}ent{\\""u}rk', u'Sang Won Lee', u'Avinash Sastry', u'Anosh Daruwalla', u'Gil Weinberg']"
Kendall,male,0.53,Granular Learning Objects for Instrument Design and Collaborative Performance in K-12 Education,"[u'Ivica Bukvic', u'Liesl Baum', u'Bennett Layman', u'Kendall Woodard']"
Ge,male,0.61,Borderlands -An Audiovisual Interface for Granular Synthesis,"[u'Chris Carlson', u'Ge Wang']"
Alexis,male,0.52,Movement to emotions to music: using whole body emotional expression as an interaction for electronic music generation,"[u'Alexis Clay', u'Nadine Couture', u'Myriam Desainte-Catherine', u'Pierre-Henri Vulliard', u'Joseph Larralde', u'Elodie Decarsin']"
Alexis,male,0.52,LoopJam: turning the dance floor into a collaborative instrumental map,"[u'Christian Frisson', u""Ste\\'phane Dupont"", u'Julien Leroy', u'Alexis Moinet', u'Thierry Ravet', u'Xavier Siebert', u'Thierry Dutoit']"
Yoon,female,0.5,Virtual Pottery: An Interactive Audio-Visual Installation,"[u'Yoon Chung Han', u'Byeong-jun Han']"
Jamie,male,0.53,Kugelschwung -a Pendulum-based Musical Instrument,"[u'Jamie Henson', u'Benjamin Collins', u'Alexander Giles', u'Kathryn Webb', u'Matthew Livingston', u'Thomas Mortensson']"
Jordan,male,0.77,Drum Stroke Computing: Multimodal Signal Processing for Drum Stroke Identification and Performance Metrics,"[u'Jordan Hochenbaum', u'Ajay Kapur']"
Yi,female,0.56,Wireless Interactive Sensor Platform for Real-Time Audio-Visual Experience,"[u'Jia-Liang Lu', u'Da-Lei Fang', u'Yi Qin', u'Jiu-Qiang Tang']"
Xiaoyu,female,0.63,Recontextualizing the Multi-touch Surface,"[u'Patrick McGlynn', u'Victor Lazzarini', u'Gordon Delap', u'Xiaoyu Chen']"
Youngmoo,female,0.5,A Component-Based Approach for Modeling Plucked-Guitar Excitation Signals,"[u'Raymond Migneco', u'Youngmoo Kim']"
Ge,male,0.61,Many-Person Instruments for Computer Music Performance,"[u'Michael Rotondo', u'Nick Kruge', u'Ge Wang']"
Jan,male,0.6,SABRe: The Augmented Bass Clarinet,"[u""Se\\'bastien Schiesser"", u'Jan C. Schacher']"
Akito,male,0.67,DrumTop: Playing with Everyday Objects,[u'Akito van Troyer']
Sidney,male,0.76,Investigation of Gesture Controlled Articulatory Vocal Synthesizer using a Bio-Mechanical Mapping Layer,"[u'Johnty Wang', u""Nicolas d'Alessandro"", u'Sidney Fels', u'Robert Pritchard']"
Red,male,0.67,"A New Keyboard-Based, Sensor-Augmented Instrument For Live Performance",[u'Red Wierenga']
Sim,male,0.63,Palm-area sensitivity to vibrotactile stimuli above 1~{kHz},"[u'Lonce Wyse', u'Suranga Nanayakkara', u'Paul Seekings', u'Sim Heng Ong', u'Elizabeth Taylor']"
Qi,male,0.6,Augmented Piano Performance using a Depth Camera,"[u'Qi Yang', u'Georg Essl']"
Alexis,male,0.52,MAGE 2.0: New Features and its Application in the Development of a Talking Guitar,"[u'Maria Astrinaki', u""Nicolas d'Alessandro"", u'Lo\\""{\\i}c Reboursi{\\`e}re', u'Alexis Moinet', u'Thierry Dutoit']"
Manu,male,0.77,Using Audio and Haptic Feedback to Improve Pitched Percussive Instrument Performance in Humanoids,"[u'Alyssa Batula', u'Manu Colacot', u'David Grunberg', u'Youngmoo Kim']"
Youngmoo,female,0.5,Using Audio and Haptic Feedback to Improve Pitched Percussive Instrument Performance in Humanoids,"[u'Alyssa Batula', u'Manu Colacot', u'David Grunberg', u'Youngmoo Kim']"
Aki,male,0.63,"Lantern Field: Exploring Participatory Design of a Communal, Spatially Responsive Installation","[u'Brennon Bortz', u'Aki Ishida', u'Ivica Ico Bukvic', u'Benjamin Knapp']"
Ge,male,0.61,SoundCraft: Transducing StarCraft 2,"[u'Mark Cerqueira', u'Spencer Salazar', u'Ge Wang']"
Kameron,male,0.78,Kontrol: Hand Gesture Recognition for Music and Dance Interaction,"[u'Kameron Christopher', u'Jingyin He', u'Raakhi Kapur', u'Ajay Kapur']"
Raakhi,female,0.5,Kontrol: Hand Gesture Recognition for Music and Dance Interaction,"[u'Kameron Christopher', u'Jingyin He', u'Raakhi Kapur', u'Ajay Kapur']"
Xin,female,0.63,Air Violin: A Body-centric Style Musical Instrument,"[u'Xin Fan', u'Georg Essl']"
Sam,male,0.76,A corpus-based method for controlling guitar feedback,"[u'Sam Ferguson', u'Aengus Martin', u'Andrew Johnston']"
Sam,male,0.76,``Old'' is the New ``New'': a Fingerboard Case Study in Recrudescence as a NIME Development Strategy,"[u'Adrian Freed', u'John MacCallum', u'Sam Mansfield']"
Yoon,female,0.5,Digiti Sonus: Advanced Interactive Fingerprint Sonification Using Visual Feature Analysis,"[u'Yoon Chung Han', u'Byeong-jun Han', u'Matthew Wright']"
Jordan,male,0.77,Toward The Future Practice Room: Empowering Musical Pedagogy through Hyperinstruments,"[u'Jordan Hochenbaum', u'Ajay Kapur']"
Dae,male,0.75,Laptap: Laptop Computer as a Musical Instrument using Audio Feedback,"[u'Dae Ryong Hong', u'Woon Seung Yeo']"
Yi,female,0.56,SoloTouch: A Capacitive Touch Controller with Lick-based Note Selector,"[u'Jackie', u'Yi Tang Chui', u'Mubarak Marafa', u'Samson', u'Ka Fai Young']"
Ka,female,0.59,SoloTouch: A Capacitive Touch Controller with Lick-based Note Selector,"[u'Jackie', u'Yi Tang Chui', u'Mubarak Marafa', u'Samson', u'Ka Fai Young']"
Dae,male,0.75,New Interfaces for Traditional Korean Music and Dance,"[u'Ajay Kapur', u'Dae Hong Kim', u'Raakhi Kapur', u'Kisoon Eom']"
Raakhi,female,0.5,New Interfaces for Traditional Korean Music and Dance,"[u'Ajay Kapur', u'Dae Hong Kim', u'Raakhi Kapur', u'Kisoon Eom']"
Qian,female,0.75,Cloud Bridge: a Data-driven Immersive Audio-Visual Software Interface,"[u'Qian Liu', u'Yoon Chung Han', u'JoAnn Kuchera-Morin', u'Matthew Wright']"
Yoon,female,0.5,Cloud Bridge: a Data-driven Immersive Audio-Visual Software Interface,"[u'Qian Liu', u'Yoon Chung Han', u'JoAnn Kuchera-Morin', u'Matthew Wright']"
Chi,female,0.55,"Mobile DJ: a Tangible, Mobile Platform for Active and Collaborative Music Listening","[u'Kenneth W.K. Lo', u'Chi Kin Lau', u'Michael Xuelin Huang', u'Wai Wa Tang', u'Grace Ngai', u'Stephen C.F. Chan']"
Wai,male,0.77,"Mobile DJ: a Tangible, Mobile Platform for Active and Collaborative Music Listening","[u'Kenneth W.K. Lo', u'Chi Kin Lau', u'Michael Xuelin Huang', u'Wai Wa Tang', u'Grace Ngai', u'Stephen C.F. Chan']"
Ge,male,0.61,LOLOL: Laugh Out Loud On Laptop,"[u'Jieun Oh', u'Ge Wang']"
Dae,male,0.75,Sound Surfing Network (SSN): Mobile Phone-based Sound Spatialization with Audience Collaboration,"[u'Saebyul Park', u'Seonghoon Ban', u'Dae Ryong Hong', u'Woon Seung Yeo']"
Tae,male,0.57,Fortissimo: Force-Feedback for Mobile Devices,"[u'Tae Hong Park', u'Oriol Nieto']"
Jan,male,0.6,Hybrid Musicianship - Teaching Gestural Interaction with Traditional and Digital Instruments,[u'Jan C. Schacher']
Jan,male,0.6,"The Quarterstaff, a Gestural Sensor Instrument",[u'Jan C. Schacher']
Mickey,male,0.67,Personalized Song Interaction Using a Multi Touch Interface,"[u'Jeffrey Scott', u'Mickey Moorhead', u'Justin Chapman', u'Ryan Schwabe', u'Youngmoo E. Kim']"
Youngmoo,female,0.5,Personalized Song Interaction Using a Multi Touch Interface,"[u'Jeffrey Scott', u'Mickey Moorhead', u'Justin Chapman', u'Ryan Schwabe', u'Youngmoo E. Kim']"
Edmar,male,0.73,Multidimensional sound spatialization by means of chaotic dynamical systems,"[u'Edmar Soria', u'Roberto Morales-Manzanares']"
Sam,male,0.76,Mira: Liveness in iPad Controllers for Max/MSP,"[u'Sam Tarakajian', u'David Zicarelli', u'Joshua Clayton']"
Sidney,male,0.76,PENny: An Extremely Low-Cost Pressure-Sensitive Stylus for Existing Capacitive Touchscreens,"[u'Johnty Wang', u""Nicolas d'Alessandro"", u'Aura Pon', u'Sidney Fels']"
Xiao,female,0.74,Conjuring the Recorded Pianist: A New Medium to Experience Musical Performance,"[u'Xiao Xiao', u'Anna Pereira', u'Hiroshi Ishii']"
Qi,male,0.6,Visual Associations in Augmented Keyboard Performance,"[u'Qi Yang', u'Georg Essl']"
Red,male,0.67,Remix_Dance 3: Improvisatory Sound Displacing on Touch Screen-Based Interface,"[u'Jaeseong You', u'Red Wierenga']"
Dima,male,0.61,A Max/MSP Approach for Incorporating Digital Music via Laptops in Live Performances of Music Bands,"[u'Yehiel Amo', u'Gil Zissu', u'Shaltiel Eloul', u'Eran Shlomi', u'Dima Schukin', u'Almog Kalifa']"
Weiwei,female,0.57,The Space Between Us. A Live Performance with Musical Score Generated via Emotional Levels Measured in {EEG} of One Performer and an Audience Member,"[u'Joel Eaton', u'Weiwei Jin', u'Eduardo Miranda']"
Jules,female,0.59,Probabilistic Models for Designing Motion and Sound Relationships,"[u'Jules Fran\\c{c}oise', u'Norbert Schnell', u'Riccardo Borghesi', u""Fre\\'de\\'ric Bevilacqua""]"
Jan,male,0.6,Visualizing Song Structure on Timecode Vinyls,"[u'Florian Heller', u'Jan Borchers']"
Jordan,male,0.77,Techniques in Swept Frequency Capacitive Sensing: An Open Source Approach,"[u'Colin Honigman', u'Jordan Hochenbaum', u'Ajay Kapur']"
Jimin,male,0.57,TAPIR Sound Tag: An Enhanced Sonic Communication Framework for Audience Participatory Performance,"[u'Jimin Jeon', u'Gunho Chae', u'Edward Jangwon Lee', u'Woon Seung Yeo']"
Ge,male,0.61,Ping-Pong: Musically Discovering Locations,"[u'Hyung Suk Kim', u'Jorge Herrera', u'Ge Wang']"
Yang,male,0.65,Smartphone-based Music Conducting,"[u'Yang Kyu Lim', u'Woon Seung Yeo']"
Andrea,female,0.79,Augmented Stage for Participatory Performances,"[u'Dario Mazzanti', u'Victor Zappi', u'Darwin Caldwell', u'Andrea Brogni']"
Sha,male,0.56,A Material Computation Perspective on Audio Mosaicing and Gestural Conditioning,"[u'Navid Navab', u'Doug Van Nort', u'Sha Xin Wei']"
Charlie,male,0.79,Rapid Creation and Publication of Digital Musical Instruments,"[u'Charlie Roberts', u'Matthew Wright', u'JoAnn Kuchera-Morin', u'Tobias H{\\""o}llerer']"
Ge,male,0.61,Auraglyph: Handwritten Computer Music Composition and Design,"[u'Spencer Salazar', u'Ge Wang']"
Akito,male,0.67,Composing Embodied Sonic Play Experiences: Towards Acoustic Feedback Ecology,[u'Akito van Troyer']
Jamie,male,0.53,Orphion: A Gestural Multi-Touch Instrument for the iPad,"[u'Sebastian Trump', u'Jamie Bullock']"
Charlie,male,0.79,Collaborative Live-Coding with an Immersive Instrument,"[u'Graham Wakefield', u'Charlie Roberts', u'Matthew Wright', u'Timothy Wood', u'Karl Yerkes']"
Robin,female,0.59,SoundXY4: Supporting Tabletop Collaboration and Awareness with Ambisonics Spatialisation,"[u""Anna Xamb\\'o"", u'Gerard Roma', u'Robin Laney', u'Chris Dobbyn', u'Sergi Jord\\`a']"
Xiao,female,0.74,Andante: Walking Figures on the Piano Keyboard to Visualize Musical Motion,"[u'Xiao Xiao', u'Basheer Tome', u'Hiroshi Ishii']"
Mo,male,0.64,Rasper: a Mechatronic Noise-Intoner,"[u'Mo Zareei', u'Ajay Kapur', u'Dale A. Carnegie']"
Jan,male,0.6,Gestural Electronic Music using Machine Learning as Generative Device,"[u'Jan C. Schacher', u'Chikashi Miyama', u'Daniel Bisig']"
Robin,female,0.59,The Hayward Tuning Vine: an interface for Just Intonation,[u'Robin Hayward']
Esa,male,0.55,Prototyping hand-based wearable music education technology,"[u'Mikko Myllykoski', u'Kai Tuuri', u'Esa Viirret', u'Jukka Louhivuori', u'Antti Peltomaa', u'Janne Kek\\""al\\""ainen']"
Janne,male,0.6,Prototyping hand-based wearable music education technology,"[u'Mikko Myllykoski', u'Kai Tuuri', u'Esa Viirret', u'Jukka Louhivuori', u'Antti Peltomaa', u'Janne Kek\\""al\\""ainen']"
Qi,male,0.6,Representation-Plurality in Multi-Touch Mobile Visual Programming for Music,"[u'Qi Yang', u'Georg Essl']"
Si,female,0.58,Reimagining the Computer Keyboard as a Musical Interface,[u'Si Waite']
Jamie,male,0.53,"ml.lib: Robust, Cross-platform, Open-source Machine Learning for Max and Pure Data","[u'Jamie Bullock', u'Ali Momeni']"
Lane,male,0.64,BRAAHMS: A Novel Adaptive Musical Interface Based on Users' Cognitive State,"[u'Beste Filiz Yuksel', u'Daniel Afergan', u'Evan Peck', u'Garth Griffin', u'Lane Harrison', u'Nick Chen', u'Remco Chang', u'Robert Jacob']"
Sair,male,0.67,Motor Imagery: What Does It Offer for New Digital Musical Instruments?,[u'Sair Sinan Kestelli']
Dannie,female,0.76,Stage- vs. Channel-strip Metaphor - Comparing Performance when Adjusting Volume and Panning of a Single Channel in a Stereo Mix,"[u'Steven Gelineck', u'Dannie Korsgaard', u'Morten B\\""uchert']"
Charlie,male,0.79,Ensemble Feedback Instruments,"[u'Muhammad Hafiz Wan Rosli', u'Karl Yerkes', u'Matthew Wright', u'Timothy Wood', u'Hannah Wolfe', u'Charlie Roberts', u'Anis Haron', u'Fernando Rincon Estrada']"
Anis,male,0.73,Ensemble Feedback Instruments,"[u'Muhammad Hafiz Wan Rosli', u'Karl Yerkes', u'Matthew Wright', u'Timothy Wood', u'Hannah Wolfe', u'Charlie Roberts', u'Anis Haron', u'Fernando Rincon Estrada']"
Youngmoo,female,0.5,Descriptors for Perception of Quality in Jazz Piano Improvisation,"[u'Jeff Gregorio', u'David Rosen', u'Michael Caro', u'Youngmoo E. Kim']"
